Date,Users,Tweets
2011-09-14 17:00,12,12
2011-09-14 18:00,76,88
2011-09-14 20:00,57,72
2011-09-14 21:00,50,62
2011-09-14 22:00,91,128
2011-09-14 23:00,66,105
2011-09-15 00:00,67,105
2011-09-15 01:00,50,89
2011-09-15 02:00,38,52
2011-09-15 03:00,50,61
2011-09-15 04:00,80,100
2011-09-15 05:00,48,58
2011-09-15 06:00,37,39
2011-09-15 07:00,28,42
2011-09-15 08:00,31,33
2011-09-15 09:00,23,43
2011-09-15 10:00,37,39
2011-09-15 11:00,18,27
2011-09-15 12:00,44,64
2011-09-15 13:00,61,77
2011-09-15 14:00,47,66
2011-09-15 15:00,29,55
2011-09-16 23:00,1,1
2011-09-17 02:00,1,1
2011-09-17 04:00,1,1
2011-09-17 06:00,3,3
2011-09-17 12:00,2,4
2011-09-17 13:00,5,6
2011-09-17 14:00,2,2
2011-09-17 19:00,1,2
2011-09-17 21:00,1,1
2011-09-18 00:00,92,100
2011-09-18 01:00,89,100
2011-09-18 02:00,90,100
2011-09-18 18:00,1,1
2011-09-18 19:00,1,1
2011-09-19 16:00,80,100
2011-09-19 18:00,84,100
2011-09-19 19:00,90,100
2011-09-19 20:00,87,100
2011-09-19 22:00,82,100
2011-09-19 23:00,81,100
2011-09-20 01:00,69,100
2011-09-20 03:00,64,100
2011-09-20 04:00,52,100
2011-09-20 05:00,75,100
2011-09-20 07:00,17,27
2011-09-20 08:00,93,152
2011-09-20 09:00,77,121
2011-09-20 10:00,63,100
2011-09-20 11:00,57,100
2011-09-20 12:00,65,100
2011-09-20 13:00,75,100
2011-09-20 14:00,81,100
2011-09-20 16:00,95,101
2011-09-20 23:00,73,100
2011-09-21 01:00,73,100
2011-09-21 02:00,72,100
2011-09-21 03:00,74,100
2011-09-21 04:00,83,100
2011-09-21 08:00,58,100
2011-09-21 09:00,77,100
2011-09-21 10:00,71,100
2011-09-21 13:00,60,100
2011-09-21 14:00,87,100
2011-09-21 16:00,81,100
2011-09-21 17:00,80,101
2011-09-21 18:00,73,100
2011-09-21 19:00,13,13
2011-09-21 20:00,76,87
2011-09-21 21:00,85,100
2011-09-21 22:00,74,100
2011-09-21 23:00,82,100
2011-09-22 00:00,401,667
2011-09-22 01:00,483,799
2011-09-22 02:00,443,672
2011-09-22 03:00,419,795
2011-09-22 04:00,423,661
2011-09-22 05:00,409,642
2011-09-22 06:00,266,415
2011-09-22 07:00,65,100
2011-09-22 08:00,61,100
2011-09-22 09:00,63,100
2011-09-22 10:00,82,175
2011-09-22 11:00,79,111
2011-09-22 12:00,74,114
2011-09-22 13:00,300,466
2011-09-22 14:00,459,770
2011-09-22 15:00,498,869
2011-09-22 16:00,464,821
2011-09-22 17:00,436,803
2011-09-22 18:00,422,846
2011-09-22 19:00,379,618
2011-09-22 20:00,561,930
2011-09-22 21:00,135,169
2011-09-22 22:00,66,80
2011-09-22 23:00,764,1751
2011-09-23 00:00,1410,3513
2011-09-23 01:00,672,1540
2011-09-23 02:00,629,1564
2011-09-23 03:00,600,1444
2011-09-23 04:00,397,790
2011-09-23 05:00,333,619
2011-09-23 12:00,52,59
2011-09-23 13:00,466,788
2011-09-23 14:00,426,805
2011-09-23 15:00,412,703
2011-09-23 16:00,410,726
2011-09-23 17:00,397,703
2011-09-23 18:00,421,756
2011-09-23 19:00,460,758
2011-09-23 20:00,484,794
2011-09-23 21:00,385,659
2011-09-23 22:00,499,822
2011-09-23 23:00,407,742
2011-09-24 00:00,466,765
2011-09-24 01:00,473,910
2011-09-24 02:00,424,773
2011-09-24 03:00,378,733
2011-09-24 04:00,376,716
2011-09-24 05:00,72,100
2011-09-24 06:00,39,56
2011-09-24 07:00,34,48
2011-09-24 08:00,65,96
2011-09-24 10:00,67,100
2011-09-24 11:00,18,19
2011-09-24 12:00,61,81
2011-09-24 13:00,109,138
2011-09-24 14:00,456,844
2011-09-24 15:00,462,852
2011-09-24 16:00,469,928
2011-09-24 17:00,676,1305
2011-09-24 18:00,587,1113
2011-09-24 19:00,637,1008
2011-09-24 20:00,521,761
2011-09-24 21:00,658,934
2011-09-24 22:00,686,1014
2011-09-24 23:00,626,889
2011-09-25 00:00,631,899
2011-09-25 01:00,553,845
2011-09-25 02:00,628,901
2011-09-25 03:00,536,816
2011-09-25 04:00,550,795
2011-09-25 05:00,410,618
2011-09-25 06:00,387,594
2011-09-25 07:00,414,683
2011-09-25 08:00,521,878
2011-09-25 09:00,435,833
2011-09-25 10:00,17,17
2011-09-25 11:00,61,83
2011-09-25 12:00,79,100
2011-09-25 13:00,84,100
2011-09-25 14:00,83,100
2011-09-25 16:00,88,100
2011-09-25 17:00,81,100
2011-09-25 18:00,86,101
2011-09-25 20:00,94,100
2011-09-25 21:00,90,100
2011-09-25 22:00,89,100
2011-09-26 00:00,87,100
2011-09-26 01:00,86,100
2011-09-26 02:00,82,100
2011-09-26 04:00,86,100
2011-09-26 05:00,82,100
2011-09-26 06:00,71,100
2011-09-26 07:00,75,100
2011-09-26 10:00,46,100
2011-09-26 11:00,76,100
2011-09-26 12:00,72,88
2011-09-26 13:00,12,12
2011-09-26 14:00,82,100
2011-09-26 15:00,93,100
2011-09-26 16:00,667,865
2011-09-26 17:00,1107,1943
2011-09-26 18:00,1543,2950
2011-09-26 19:00,1423,2610
2011-09-26 20:00,1595,2495
2011-09-26 21:00,1282,2292
2011-09-26 22:00,1298,2689
2011-09-26 23:00,1634,3521
2011-09-27 00:00,1882,3761
2011-09-27 01:00,1589,3090
2011-09-27 02:00,1573,3073
2011-09-27 03:00,1196,2277
2011-09-27 04:00,1125,2158
2011-09-27 05:00,612,1072
2011-09-27 06:00,448,710
2011-09-27 07:00,409,661
2011-09-27 08:00,499,744
2011-09-27 09:00,188,285
2011-09-27 10:00,275,433
2011-09-27 11:00,698,1079
2011-09-27 12:00,725,1078
2011-09-27 13:00,676,1025
2011-09-27 14:00,1222,1882
2011-09-27 15:00,1315,2148
2011-09-27 16:00,1494,2531
2011-09-27 17:00,1253,2074
2011-09-27 18:00,1410,2498
2011-09-27 19:00,960,1667
2011-09-27 20:00,673,1035
2011-09-27 21:00,1359,2507
2011-09-27 22:00,1245,2359
2011-09-27 23:00,1479,2536
2011-09-28 00:00,985,1738
2011-09-28 01:00,1376,2403
2011-09-28 02:00,1244,2469
2011-09-28 03:00,827,1562
2011-09-28 04:00,862,1578
2011-09-28 05:00,504,752
2011-09-28 06:00,440,769
2011-09-28 07:00,473,790
2011-09-28 12:00,549,890
2011-09-28 13:00,963,1696
2011-09-28 14:00,1026,1708
2011-09-28 15:00,585,852
2011-09-28 16:00,1127,1695
2011-09-28 17:00,1646,2538
2011-09-28 18:00,2319,3390
2011-09-28 19:00,1586,2432
2011-09-28 20:00,14,14
2011-09-28 21:00,960,1582
2011-09-28 22:00,999,1590
2011-09-28 23:00,1011,1639
2011-09-29 00:00,1600,3304
2011-09-29 01:00,912,1611
2011-09-29 02:00,919,1547
2011-09-29 03:00,991,1654
2011-09-29 04:00,979,1566
2011-09-29 05:00,854,1607
2011-09-29 06:00,429,723
2011-09-29 09:00,66,100
2011-09-29 11:00,72,100
2011-09-29 12:00,886,1039
2011-09-29 13:00,569,852
2011-09-29 14:00,621,865
2011-09-29 15:00,626,883
2011-09-29 16:00,597,886
2011-09-29 17:00,555,862
2011-09-29 18:00,625,830
2011-09-29 19:00,671,922
2011-09-29 20:00,591,849
2011-09-29 22:00,381,517
2011-09-29 23:00,1137,1714
2011-09-30 00:00,1839,3168
2011-09-30 01:00,1489,2683
2011-09-30 02:00,1238,2050
2011-09-30 03:00,856,1380
2011-09-30 04:00,840,1442
2011-09-30 05:00,853,1450
2011-09-30 06:00,739,1244
2011-09-30 07:00,362,554
2011-09-30 08:00,610,874
2011-09-30 09:00,561,814
2011-09-30 10:00,560,835
2011-09-30 11:00,721,1042
2011-09-30 12:00,847,1150
2011-09-30 13:00,1420,2065
2011-09-30 14:00,1413,2133
2011-09-30 15:00,1926,2895
2011-09-30 16:00,3521,4724
2011-09-30 17:00,3246,4429
2011-09-30 18:00,2529,3659
2011-09-30 19:00,2286,3476
2011-09-30 20:00,2387,3896
2011-09-30 21:00,2486,4213
2011-09-30 22:00,2531,4612
2011-09-30 23:00,2009,3461
2011-10-01 00:00,1616,2693
2011-10-01 01:00,1321,2089
2011-10-01 02:00,1240,2186
2011-10-01 03:00,1226,2184
2011-10-01 04:00,1099,2131
2011-10-01 05:00,773,1250
2011-10-01 06:00,474,736
2011-10-01 07:00,349,551
2011-10-01 08:00,187,262
2011-10-01 11:00,326,493
2011-10-01 12:00,672,1044
2011-10-01 13:00,721,1113
2011-10-01 14:00,1367,2126
2011-10-01 15:00,1903,3181
2011-10-01 16:00,1961,3416
2011-10-01 17:00,1868,3330
2011-10-01 18:00,2347,3664
2011-10-01 19:00,2488,4675
2011-10-01 20:00,4827,11305
2011-10-01 21:00,7526,18718
2011-10-01 22:00,8172,17923
2011-10-01 23:00,6405,12445
2011-10-02 00:00,5767,10133
2011-10-02 01:00,5286,9380
2011-10-02 02:00,5151,9224
2011-10-02 03:00,4872,8556
2011-10-02 04:00,3338,5839
2011-10-02 05:00,2908,5380
2011-10-02 06:00,2400,4417
2011-10-02 07:00,1927,3525
2011-10-02 08:00,1613,2824
2011-10-02 09:00,1410,2489
2011-10-02 10:00,1483,2548
2011-10-02 11:00,1109,1725
2011-10-02 12:00,1936,2978
2011-10-02 13:00,2381,3998
2011-10-02 14:00,3239,5110
2011-10-02 15:00,3670,5801
2011-10-02 16:00,3854,6259
2011-10-02 17:00,3432,5746
2011-10-02 18:00,3091,5091
2011-10-02 19:00,2595,4293
2011-10-02 20:00,2937,5020
2011-10-02 21:00,3376,5423
2011-10-02 22:00,3775,5563
2011-10-02 23:00,3451,5729
2011-10-03 00:00,3045,4933
2011-10-03 01:00,3363,5855
2011-10-03 02:00,2940,5159
2011-10-03 03:00,2531,4464
2011-10-03 04:00,2082,3455
2011-10-03 05:00,1755,2876
2011-10-03 06:00,1142,1923
2011-10-03 07:00,758,1116
2011-10-03 08:00,473,735
2011-10-03 09:00,534,739
2011-10-03 10:00,752,1013
2011-10-03 11:00,910,1326
2011-10-03 12:00,2107,2812
2011-10-03 13:00,2244,3346
2011-10-03 14:00,2840,4251
2011-10-03 15:00,3149,4763
2011-10-03 16:00,475,564
2011-10-03 19:00,2818,4313
2011-10-03 20:00,3515,5131
2011-10-03 21:00,4107,6234
2011-10-03 22:00,3296,5120
2011-10-03 23:00,3390,5465
2011-10-04 00:00,3103,5023
2011-10-04 01:00,3303,5330
2011-10-04 02:00,3003,5006
2011-10-04 03:00,2557,4260
2011-10-04 04:00,1918,3245
2011-10-04 05:00,1489,2470
2011-10-04 06:00,1119,1829
2011-10-04 07:00,598,952
2011-10-04 08:00,540,842
2011-10-04 09:00,468,870
2011-10-04 10:00,629,881
2011-10-04 11:00,876,1366
2011-10-04 12:00,1923,2690
2011-10-04 13:00,2084,3048
2011-10-04 14:00,2143,3176
2011-10-04 15:00,2576,3798
2011-10-04 16:00,3002,4596
2011-10-04 17:00,2536,3911
2011-10-04 18:00,2566,3974
2011-10-04 19:00,2150,3063
2011-10-04 20:00,2676,4052
2011-10-04 21:00,2732,3946
2011-10-04 22:00,2260,3560
2011-10-04 23:00,1961,3078
2011-10-05 00:00,2433,3916
2011-10-05 01:00,2373,3992
2011-10-05 02:00,2449,3870
2011-10-05 03:00,2036,3288
2011-10-05 04:00,1666,2685
2011-10-05 05:00,1545,2723
2011-10-05 06:00,1106,1921
2011-10-05 07:00,526,848
2011-10-05 08:00,526,859
2011-10-05 09:00,500,827
2011-10-05 10:00,563,916
2011-10-05 11:00,978,1525
2011-10-05 12:00,1528,2531
2011-10-05 13:00,2514,3784
2011-10-05 14:00,3233,4844
2011-10-05 15:00,3350,5288
2011-10-05 16:00,3290,4771
2011-10-05 17:00,4216,6322
2011-10-05 18:00,3863,6107
2011-10-05 19:00,4412,6922
2011-10-05 20:00,5558,9049
2011-10-05 21:00,6331,10621
2011-10-05 22:00,4497,7106
2011-10-05 23:00,5379,9672
2011-10-06 00:00,6494,13636
2011-10-06 01:00,5753,10872
2011-10-06 02:00,6838,13622
2011-10-06 03:00,5645,10885
2011-10-06 04:00,4068,6991
2011-10-06 05:00,2370,3581
2011-10-06 06:00,1710,2693
2011-10-06 07:00,945,1448
2011-10-06 08:00,493,697
2011-10-06 09:00,666,983
2011-10-06 10:00,609,851
2011-10-06 11:00,1354,1963
2011-10-06 12:00,2366,3219
2011-10-06 13:00,2639,3649
2011-10-06 14:00,2725,3707
2011-10-06 15:00,4075,5834
2011-10-06 16:00,3822,5353
2011-10-06 17:00,3370,4700
2011-10-06 18:00,2335,3062
2011-10-06 19:00,3347,4591
2011-10-06 20:00,3196,4495
2011-10-06 21:00,2940,4246
2011-10-06 22:00,3308,4982
2011-10-06 23:00,2131,3192
2011-10-07 00:00,2524,3688
2011-10-07 01:00,3233,5253
2011-10-07 02:00,3248,5394
2011-10-07 03:00,2255,3627
2011-10-07 04:00,141,152
2011-10-07 05:00,1510,2526
2011-10-07 06:00,1335,2042
2011-10-07 07:00,718,1152
2011-10-07 08:00,941,1544
2011-10-07 09:00,476,696
2011-10-07 10:00,695,1017
2011-10-07 11:00,892,1247
2011-10-07 12:00,1629,2308
2011-10-07 13:00,3021,4728
2011-10-07 14:00,3748,6144
2011-10-07 15:00,4331,6541
2011-10-07 16:00,3678,5668
2011-10-07 17:00,4086,6527
2011-10-07 18:00,3667,5967
2011-10-07 19:00,3685,6197
2011-10-07 20:00,4210,6701
2011-10-07 21:00,3974,6152
2011-10-07 22:00,3595,5921
2011-10-07 23:00,3430,5553
2011-10-08 00:00,2947,4933
2011-10-08 01:00,2682,4691
2011-10-08 02:00,2572,4521
2011-10-08 03:00,2411,4160
2011-10-08 04:00,1981,3332
2011-10-08 05:00,1498,2582
2011-10-08 06:00,1262,2127
2011-10-08 07:00,965,1508
2011-10-08 08:00,777,1191
2011-10-08 09:00,778,1160
2011-10-08 10:00,757,1155
2011-10-08 11:00,1018,1560
2011-10-08 12:00,1583,2433
2011-10-08 13:00,1828,3011
2011-10-08 14:00,2376,3655
2011-10-08 15:00,2540,3946
2011-10-08 16:00,2966,4888
2011-10-08 17:00,3265,5273
2011-10-08 18:00,3145,5001
2011-10-08 19:00,3566,6066
2011-10-08 20:00,4195,7081
2011-10-08 21:00,3704,6364
2011-10-08 22:00,3854,6342
2011-10-08 23:00,3209,5625
2011-10-09 00:00,3029,5210
2011-10-09 01:00,2618,4487
2011-10-09 02:00,2577,4730
2011-10-09 03:00,2443,4135
2011-10-09 04:00,1930,3262
2011-10-09 05:00,1577,2710
2011-10-09 06:00,1271,2249
2011-10-09 07:00,971,1614
2011-10-09 08:00,915,1596
2011-10-09 09:00,799,1272
2011-10-09 10:00,821,1267
2011-10-09 11:00,950,1532
2011-10-09 12:00,1387,2144
2011-10-09 13:00,1958,2997
2011-10-09 14:00,2379,3700
2011-10-09 15:00,3116,5231
2011-10-09 16:00,3487,5753
2011-10-09 17:00,3202,5256
2011-10-09 18:00,2955,4830
2011-10-09 19:00,3020,4887
2011-10-09 20:00,2927,4555
2011-10-09 21:00,2613,4211
2011-10-09 22:00,2791,4489
2011-10-09 23:00,2768,4479
2011-10-10 00:00,2615,4257
2011-10-10 01:00,2652,4298
2011-10-10 02:00,2888,4930
2011-10-10 03:00,2944,5041
2011-10-10 04:00,2071,3305
2011-10-10 05:00,1587,2577
2011-10-10 06:00,1226,1948
2011-10-10 07:00,1017,1489
2011-10-10 08:00,798,1189
2011-10-10 09:00,808,1139
2011-10-10 10:00,826,1276
2011-10-10 11:00,1124,1696
2011-10-10 12:00,1900,2874
2011-10-10 13:00,2385,3598
2011-10-10 14:00,3246,4842
2011-10-10 15:00,3989,6183
2011-10-10 16:00,4001,6294
2011-10-10 17:00,4447,7059
2011-10-10 18:00,4137,6669
2011-10-10 19:00,4776,7403
2011-10-10 20:00,3130,4162
2011-10-10 21:00,4591,7146
2011-10-10 22:00,4203,6908
2011-10-10 23:00,4883,7646
2011-10-11 00:00,3668,5980
2011-10-11 01:00,3844,6251
2011-10-11 02:00,3844,6404
2011-10-11 03:00,3542,5813
2011-10-11 04:00,2775,4820
2011-10-11 05:00,2586,5109
2011-10-11 06:00,5646,15979
2011-10-11 07:00,4031,8713
2011-10-11 08:00,1905,3514
2011-10-11 09:00,1425,2571
2011-10-11 10:00,1549,2670
2011-10-11 11:00,2325,3873
2011-10-11 12:00,3375,5257
2011-10-11 13:00,4254,6572
2011-10-11 14:00,5408,8589
2011-10-11 15:00,6029,9517
2011-10-11 16:00,7686,13597
2011-10-11 17:00,7482,12814
2011-10-11 18:00,6403,10989
2011-10-11 19:00,6358,10303
2011-10-11 20:00,6431,10699
2011-10-11 21:00,4933,8107
2011-10-11 22:00,5586,9556
2011-10-11 23:00,5462,9471
2011-10-12 00:00,6071,11697
2011-10-12 01:00,8211,14135
2011-10-12 02:00,5081,8774
2011-10-12 03:00,4323,7607
2011-10-12 04:00,3167,5555
2011-10-12 05:00,2239,3761
2011-10-12 06:00,1438,2357
2011-10-12 07:00,1408,2440
2011-10-12 08:00,1026,1604
2011-10-12 09:00,1138,1918
2011-10-12 10:00,1276,2076
2011-10-12 11:00,1811,2885
2011-10-12 12:00,2522,3986
2011-10-12 13:00,4001,6169
2011-10-12 14:00,4734,7880
2011-10-12 15:00,5787,9861
2011-10-12 16:00,5603,9498
2011-10-12 17:00,5228,8761
2011-10-12 18:00,4829,8138
2011-10-12 19:00,4857,8197
2011-10-12 20:00,5099,8700
2011-10-12 21:00,5225,8613
2011-10-12 22:00,4827,7908
2011-10-12 23:00,4882,8559
2011-10-13 00:00,4426,7697
2011-10-13 01:00,4226,7703
2011-10-13 02:00,3699,6623
2011-10-13 03:00,3672,6805
2011-10-13 04:00,3074,5462
2011-10-13 05:00,2718,4650
2011-10-13 06:00,1773,3016
2011-10-13 07:00,1345,2134
2011-10-13 08:00,1122,1749
2011-10-13 09:00,1169,1780
2011-10-13 10:00,1813,3124
2011-10-13 11:00,2306,3790
2011-10-13 12:00,2924,4736
2011-10-13 13:00,4514,7185
2011-10-13 14:00,5017,8332
2011-10-13 15:00,5933,9485
2011-10-13 16:00,6187,10022
2011-10-13 17:00,6779,12176
2011-10-13 18:00,7276,11978
2011-10-13 19:00,2570,3582
2011-10-13 20:00,5801,8709
2011-10-13 21:00,8859,14557
2011-10-13 22:00,7486,13045
2011-10-13 23:00,5675,9799
2011-10-14 00:00,7329,13460
2011-10-14 01:00,6734,12367
2011-10-14 02:00,6597,12219
2011-10-14 03:00,6088,11636
2011-10-14 04:00,5625,11051
2011-10-14 05:00,4615,9116
2011-10-14 06:00,4180,7331
2011-10-14 07:00,2651,4769
2011-10-14 08:00,2536,4506
2011-10-14 09:00,3195,6489
2011-10-14 10:00,5387,12493
2011-10-14 11:00,6864,13139
2011-10-14 12:00,6092,11269
2011-10-14 13:00,7294,11785
2011-10-14 14:00,7704,12708
2011-10-14 15:00,7748,12581
2011-10-14 16:00,8172,13188
2011-10-14 17:00,7594,13034
2011-10-14 18:00,7360,12261
2011-10-14 19:00,6857,11496
2011-10-14 20:00,7347,12347
2011-10-14 21:00,6499,10504
2011-10-14 22:00,5884,9856
2011-10-14 23:00,5600,9847
2011-10-15 00:00,5447,9491
2011-10-15 01:00,4868,8695
2011-10-15 02:00,4814,8608
2011-10-15 03:00,4005,6960
2011-10-15 04:00,3692,6592
2011-10-15 05:00,2719,4729
2011-10-15 06:00,2460,4409
2011-10-15 07:00,2799,4544
2011-10-15 08:00,2916,4748
2011-10-15 09:00,3408,5521
2011-10-15 10:00,3761,5962
2011-10-15 11:00,4953,8238
2011-10-15 12:00,6134,10381
2011-10-15 13:00,8049,14221
2011-10-15 14:00,9403,16916
2011-10-15 15:00,11780,21369
2011-10-15 16:00,12267,23154
2011-10-15 17:00,11884,21625
2011-10-15 18:00,11993,22207
2011-10-15 19:00,8923,14449
2011-10-15 20:00,11458,21212
2011-10-15 21:00,12594,24583
2011-10-15 22:00,13080,27694
2011-10-15 23:00,12908,28996
2011-10-16 00:00,12260,26395
2011-10-16 01:00,9687,18631
2011-10-16 02:00,7422,13910
2011-10-16 03:00,7150,14678
2011-10-16 04:00,7456,16348
2011-10-16 05:00,5224,10481
2011-10-16 06:00,3901,7912
2011-10-16 07:00,3533,5993
2011-10-16 08:00,2797,4688
2011-10-16 09:00,3241,5348
2011-10-16 10:00,2978,4524
2011-10-16 11:00,3604,5694
2011-10-16 12:00,4354,6858
2011-10-16 13:00,5302,8662
2011-10-16 14:00,6301,10440
2011-10-16 15:00,6736,11165
2011-10-16 16:00,7897,12813
2011-10-16 17:00,6652,11087
2011-10-16 18:00,6557,10655
2011-10-16 19:00,6772,11134
2011-10-16 20:00,6427,10483
2011-10-16 21:00,6121,10018
2011-10-16 22:00,6060,9793
2011-10-16 23:00,5246,8940
2011-10-17 00:00,4790,8044
2011-10-17 01:00,4388,7215
2011-10-17 02:00,4910,8522
2011-10-17 03:00,5257,8535
2011-10-17 04:00,3718,6452
2011-10-17 05:00,2857,4725
2011-10-17 06:00,3049,5588
2011-10-17 07:00,2799,5257
2011-10-17 08:00,2138,3858
2011-10-17 09:00,1176,1722
2011-10-17 10:00,1772,2710
2011-10-17 11:00,3342,4827
2011-10-17 12:00,4320,6612
2011-10-17 13:00,5014,8038
2011-10-17 14:00,6040,9680
2011-10-17 15:00,6245,9906
2011-10-17 16:00,6348,10194
2011-10-17 17:00,6657,11053
2011-10-17 18:00,6900,11405
2011-10-17 19:00,7678,12454
2011-10-17 20:00,6624,10823
2011-10-17 21:00,6695,10738
2011-10-17 22:00,6258,10418
2011-10-17 23:00,5596,10097
2011-10-18 00:00,5379,9701
2011-10-18 01:00,5416,9369
2011-10-18 02:00,5451,10108
2011-10-18 03:00,5147,9798
2011-10-18 04:00,4149,7889
2011-10-18 05:00,3024,5639
2011-10-18 06:00,2346,4021
2011-10-18 07:00,2008,3299
2011-10-18 08:00,1620,2569
2011-10-18 09:00,1196,1791
2011-10-18 10:00,1817,3085
2011-10-18 11:00,2472,3900
2011-10-18 12:00,3736,5989
2011-10-18 13:00,4307,7052
2011-10-18 14:00,5241,8432
2011-10-18 15:00,6196,9569
2011-10-18 16:00,5987,10190
2011-10-18 17:00,5981,10399
2011-10-18 18:00,5469,8797
2011-10-18 19:00,6060,10026
2011-10-18 20:00,5511,8974
2011-10-18 21:00,5896,9796
2011-10-18 22:00,5865,10226
2011-10-18 23:00,5595,10468
2011-10-19 00:00,6930,13768
2011-10-19 01:00,9100,17768
2011-10-19 02:00,5884,10046
2011-10-19 03:00,4660,8074
2011-10-19 04:00,3648,6234
2011-10-19 05:00,2653,4735
2011-10-19 06:00,1848,3166
2011-10-19 07:00,1814,3236
2011-10-19 08:00,1051,1538
2011-10-19 09:00,1168,1804
2011-10-19 10:00,1263,2032
2011-10-19 11:00,2631,3984
2011-10-19 12:00,3012,4893
2011-10-19 13:00,4120,6657
2011-10-19 14:00,4531,7452
2011-10-19 15:00,5158,8378
2011-10-19 16:00,5432,8779
2011-10-19 17:00,5502,9185
2011-10-19 18:00,5007,8089
2011-10-19 19:00,6636,10235
2011-10-19 20:00,5258,8669
2011-10-19 21:00,4915,7916
2011-10-19 22:00,4765,7855
2011-10-19 23:00,4508,7697
2011-10-20 00:00,4372,7746
2011-10-20 01:00,4220,7059
2011-10-20 02:00,4664,7703
2011-10-20 03:00,4053,6776
2011-10-20 04:00,3405,5670
2011-10-20 05:00,2696,4541
2011-10-20 06:00,1838,2994
2011-10-20 07:00,1507,2439
2011-10-20 08:00,1111,1756
2011-10-20 09:00,1176,1732
2011-10-20 10:00,1295,2032
2011-10-20 11:00,1926,3002
2011-10-20 12:00,3377,4926
2011-10-20 13:00,3883,5777
2011-10-20 14:00,4191,6595
2011-10-20 15:00,5123,8290
2011-10-20 16:00,4540,7299
2011-10-20 17:00,4758,7905
2011-10-20 18:00,4812,7903
2011-10-20 19:00,4396,6905
2011-10-20 20:00,5168,8188
2011-10-20 21:00,3969,6439
2011-10-20 22:00,4327,7431
2011-10-20 23:00,4374,8047
2011-10-21 00:00,3857,6897
2011-10-21 01:00,3706,6672
2011-10-21 02:00,3656,7017
2011-10-21 03:00,3520,6432
2011-10-21 04:00,2992,5636
2011-10-21 05:00,2218,4142
2011-10-21 06:00,1681,2998
2011-10-21 07:00,1048,1711
2011-10-21 08:00,1035,1673
2011-10-21 09:00,1128,1892
2011-10-21 10:00,1212,1791
2011-10-21 11:00,1903,2892
2011-10-21 12:00,2377,3870
2011-10-21 13:00,3437,6004
2011-10-21 14:00,4604,7349
2011-10-21 15:00,4306,7164
2011-10-21 16:00,4374,7373
2011-10-21 17:00,4564,7933
2011-10-21 18:00,4677,8688
2011-10-21 19:00,4489,7723
2011-10-21 20:00,4813,8342
2011-10-21 21:00,4044,7039
2011-10-21 22:00,3963,7086
2011-10-21 23:00,3676,6715
2011-10-22 00:00,3225,5966
2011-10-22 01:00,3258,6037
2011-10-22 02:00,3090,6145
2011-10-22 03:00,2876,5749
2011-10-22 04:00,2956,5840
2011-10-22 05:00,2379,4624
2011-10-22 06:00,1650,2880
2011-10-22 07:00,1614,2578
2011-10-22 08:00,883,1418
2011-10-22 09:00,572,839
2011-10-22 10:00,1021,1753
2011-10-22 11:00,1189,1872
2011-10-22 12:00,1901,3007
2011-10-22 13:00,2393,3825
2011-10-22 14:00,3298,5593
2011-10-22 15:00,3625,6425
2011-10-22 16:00,4293,7052
2011-10-22 17:00,3744,6234
2011-10-22 18:00,3644,6104
2011-10-22 19:00,3424,6163
2011-10-22 20:00,3504,6016
2011-10-22 21:00,3598,6239
2011-10-22 22:00,3540,6303
2011-10-22 23:00,3407,5911
2011-10-23 00:00,3243,5962
2011-10-23 01:00,2901,5177
2011-10-23 02:00,3205,5791
2011-10-23 03:00,2732,4900
2011-10-23 04:00,2204,4089
2011-10-23 05:00,2065,4262
2011-10-23 06:00,2040,4308
2011-10-23 07:00,1206,2127
2011-10-23 08:00,341,444
2011-10-23 09:00,599,1001
2011-10-23 10:00,642,951
2011-10-23 11:00,1156,1852
2011-10-23 12:00,1337,2025
2011-10-23 13:00,2035,3493
2011-10-23 14:00,2636,4486
2011-10-23 15:00,3200,5460
2011-10-23 16:00,3546,6150
2011-10-23 17:00,3677,6173
2011-10-23 18:00,1612,2406
2011-10-23 20:00,1949,3146
2011-10-23 21:00,3212,5601
2011-10-23 22:00,3063,4962
2011-10-23 23:00,2914,4980
2011-10-24 00:00,2830,5036
2011-10-24 01:00,2723,4947
2011-10-24 02:00,2677,4711
2011-10-24 03:00,2337,3933
2011-10-24 04:00,2199,4034
2011-10-24 05:00,1662,2866
2011-10-24 06:00,962,1439
2011-10-24 07:00,1061,1719
2011-10-24 08:00,519,769
2011-10-24 09:00,554,806
2011-10-24 10:00,770,1120
2011-10-24 11:00,1266,1945
2011-10-24 12:00,1887,2996
2011-10-24 13:00,2854,4735
2011-10-24 14:00,3249,5380
2011-10-24 15:00,3874,6448
2011-10-24 16:00,4764,7473
2011-10-24 17:00,4176,7057
2011-10-24 18:00,4233,6903
2011-10-24 19:00,4851,7949
2011-10-24 20:00,4393,7813
2011-10-24 21:00,4464,7613
2011-10-24 22:00,4007,6959
2011-10-24 23:00,3623,6979
2011-10-25 00:00,3314,6058
2011-10-25 01:00,3611,6432
2011-10-25 02:00,3105,5912
2011-10-25 03:00,2608,4550
2011-10-25 04:00,2097,3951
2011-10-25 05:00,1695,2790
2011-10-25 06:00,1332,2464
2011-10-25 07:00,930,1514
2011-10-25 08:00,1015,1662
2011-10-25 09:00,666,984
2011-10-25 10:00,1199,1781
2011-10-25 11:00,1407,2267
2011-10-25 12:00,2726,5209
2011-10-25 13:00,3628,6505
2011-10-25 14:00,4147,7302
2011-10-25 15:00,4733,8149
2011-10-25 16:00,4474,8038
2011-10-25 17:00,5033,8064
2011-10-25 18:00,4880,7733
2011-10-25 19:00,4924,8008
2011-10-25 20:00,4218,6911
2011-10-25 21:00,4767,7791
2011-10-25 22:00,4145,7128
2011-10-25 23:00,3748,6857
2011-10-26 00:00,3917,7052
2011-10-26 01:00,4804,9252
2011-10-26 02:00,5152,11047
2011-10-26 03:00,6997,15097
2011-10-26 04:00,6634,13659
2011-10-26 05:00,5111,10025
2011-10-26 06:00,4645,8756
2011-10-26 07:00,2927,5172
2011-10-26 08:00,1965,3305
2011-10-26 09:00,1538,2343
2011-10-26 10:00,1852,2909
2011-10-26 11:00,2426,3745
2011-10-26 12:00,3507,5731
2011-10-26 13:00,4729,7449
2011-10-26 14:00,5069,8333
2011-10-26 15:00,5336,8667
2011-10-26 16:00,6033,9693
2011-10-26 17:00,5929,9813
2011-10-26 18:00,5731,9684
2011-10-26 19:00,5873,9930
2011-10-26 20:00,6273,10699
2011-10-26 21:00,5909,9978
2011-10-26 22:00,6062,10096
2011-10-26 23:00,5270,9373
2011-10-27 00:00,5670,10810
2011-10-27 01:00,6321,13713
2011-10-27 02:00,8539,20427
2011-10-27 03:00,7484,17255
2011-10-27 04:00,5913,13029
2011-10-27 05:00,5361,12173
2011-10-27 06:00,4112,9079
2011-10-27 07:00,3138,6645
2011-10-27 08:00,2047,3962
2011-10-27 09:00,1769,3612
2011-10-27 10:00,1549,2710
2011-10-27 11:00,2141,3463
2011-10-27 12:00,3781,5832
2011-10-27 13:00,4634,7552
2011-10-27 14:00,4983,8170
2011-10-27 15:00,5666,8950
2011-10-27 16:00,4876,7659
2011-10-27 17:00,4794,8010
2011-10-27 18:00,4970,8446
2011-10-27 19:00,4761,7697
2011-10-27 20:00,5311,8830
2011-10-27 21:00,4569,7398
2011-10-27 22:00,4213,7002
2011-10-27 23:00,4655,8004
2011-10-28 00:00,4768,7886
2011-10-28 01:00,4132,7575
2011-10-28 02:00,3850,6796
2011-10-28 03:00,3545,6503
2011-10-28 04:00,2665,4599
2011-10-28 05:00,2221,3887
2011-10-28 06:00,1849,3268
2011-10-28 07:00,1371,2305
2011-10-28 08:00,1361,2520
2011-10-28 09:00,1061,1867
2011-10-28 10:00,1578,2882
2011-10-28 11:00,1728,2790
2011-10-28 12:00,2213,3751
2011-10-28 13:00,4321,6815
2011-10-28 14:00,4141,6996
2011-10-28 15:00,4176,7068
2011-10-28 16:00,4639,7321
2011-10-28 17:00,4709,7640
2011-10-28 18:00,4584,7544
2011-10-28 19:00,4772,7593
2011-10-28 20:00,4378,7103
2011-10-28 21:00,4180,6957
2011-10-28 22:00,4094,6987
2011-10-28 23:00,3724,6804
2011-10-29 00:00,3279,5796
2011-10-29 01:00,3176,5820
2011-10-29 02:00,3084,5778
2011-10-29 03:00,3094,5583
2011-10-29 04:00,2605,4914
2011-10-29 05:00,2079,3997
2011-10-29 06:00,1654,2992
2011-10-29 07:00,931,1549
2011-10-29 08:00,1001,1634
2011-10-29 09:00,907,1648
2011-10-29 10:00,632,927
2011-10-29 11:00,1076,1794
2011-10-29 12:00,1677,2889
2011-10-29 13:00,2123,3846
2011-10-29 14:00,3117,5209
2011-10-29 15:00,3185,5318
2011-10-29 16:00,3545,6015
2011-10-29 17:00,3519,5885
2011-10-29 18:00,3434,6014
2011-10-29 19:00,3531,5806
2011-10-29 20:00,3703,5971
2011-10-29 21:00,3502,6147
2011-10-29 22:00,3984,7872
2011-10-29 23:00,3620,6593
2011-10-30 00:00,3991,7861
2011-10-30 01:00,3566,7268
2011-10-30 02:00,3246,6315
2011-10-30 03:00,2955,5911
2011-10-30 04:00,2660,4890
2011-10-30 05:00,2105,4219
2011-10-30 06:00,1604,3045
2011-10-30 07:00,1369,2611
2011-10-30 08:00,1264,2381
2011-10-30 09:00,1062,1829
2011-10-30 10:00,996,1706
2011-10-30 11:00,1110,1809
2011-10-30 12:00,1733,2952
2011-10-30 13:00,1725,2789
2011-10-30 14:00,2337,3901
2011-10-30 15:00,3307,5708
2011-10-30 16:00,3497,6287
2011-10-30 17:00,2911,5034
2011-10-30 18:00,3564,6099
2011-10-30 19:00,3528,6067
2011-10-30 20:00,2953,5088
2011-10-30 21:00,2993,5148
2011-10-30 22:00,3156,5373
2011-10-30 23:00,2903,5253
2011-10-31 00:00,2862,5139
2011-10-31 01:00,2688,5077
2011-10-31 02:00,2757,4959
2011-10-31 03:00,2690,4941
2011-10-31 04:00,2165,4048
2011-10-31 05:00,1788,3442
2011-10-31 06:00,1169,2180
2011-10-31 07:00,912,1493
2011-10-31 08:00,965,1652
2011-10-31 09:00,1003,1848
2011-10-31 10:00,1026,1725
2011-10-31 11:00,1271,2035
2011-10-31 12:00,1611,2667
2011-10-31 13:00,2208,3523
2011-10-31 14:00,3458,5400
2011-10-31 15:00,3742,6284
2011-10-31 16:00,3562,5859
2011-10-31 17:00,3776,6303
2011-10-31 18:00,3924,6817
2011-10-31 19:00,4216,6909
2011-10-31 20:00,3513,5611
2011-10-31 21:00,3651,6131
2011-10-31 22:00,3032,4990
2011-10-31 23:00,2851,5117
2011-11-01 00:00,2757,4925
2011-11-01 01:00,2458,4226
2011-11-01 02:00,2745,5054
2011-11-01 03:00,2661,5152
2011-11-01 04:00,2068,4023
2011-11-01 05:00,1574,3098
2011-11-01 06:00,1167,2264
2011-11-01 07:00,856,1531
2011-11-01 08:00,556,905
2011-11-01 09:00,595,948
2011-11-01 10:00,1046,1805
2011-11-01 11:00,1106,1809
2011-11-01 12:00,1696,2809
2011-11-01 13:00,2406,3909
2011-11-01 14:00,3270,5500
2011-11-01 15:00,4168,6703
2011-11-01 16:00,3952,6782
2011-11-01 17:00,3992,6816
2011-11-01 18:00,4363,7107
2011-11-01 19:00,3779,6096
2011-11-01 20:00,4090,6649
2011-11-01 21:00,3811,6852
2011-11-01 22:00,3593,6370
2011-11-01 23:00,3281,5984
2011-11-02 00:00,3233,5882
2011-11-02 01:00,3171,5687
2011-11-02 02:00,3162,5851
2011-11-02 03:00,2360,4267
2011-11-02 04:00,2409,4678
2011-11-02 05:00,896,1561
2011-11-02 16:00,1,1
2011-11-02 20:00,4161,7149
2011-11-02 21:00,4166,7292
2011-11-02 22:00,4849,8989
2011-11-02 23:00,4245,7994
2011-11-03 00:00,4267,7849
2011-11-03 01:00,5197,9939
2011-11-03 02:00,4791,8905
2011-11-03 03:00,4239,7954
2011-11-03 04:00,3499,6340
2011-11-03 05:00,2440,4182
2011-11-03 06:00,2030,3667
2011-11-03 07:00,2386,4713
2011-11-03 08:00,1871,3588
2011-11-03 09:00,1441,2570
2011-11-03 10:00,1546,2493
2011-11-03 11:00,1876,3080
2011-11-03 12:00,2282,3635
2011-11-03 13:00,2897,4549
2011-11-03 14:00,4169,7123
2011-11-03 15:00,4423,7684
2011-11-03 16:00,4598,7858
2011-11-03 17:00,4840,7763
2011-11-03 18:00,4489,7530
2011-11-03 19:00,4514,7725
2011-11-03 20:00,4158,6980
2011-11-03 21:00,3490,5545
2011-11-03 22:00,4359,7613
2011-11-03 23:00,4124,7466
2011-11-04 00:00,4025,7028
2011-11-04 01:00,3774,6935
2011-11-04 02:00,3641,7074
2011-11-04 03:00,3392,6784
2011-11-04 04:00,2730,5344
2011-11-04 05:00,2158,4067
2011-11-04 06:00,1478,2633
2011-11-04 07:00,1290,2304
2011-11-04 08:00,1090,1742
2011-11-04 09:00,929,1513
2011-11-04 10:00,1093,1777
2011-11-04 11:00,1471,2489
2011-11-04 12:00,2181,3544
2011-11-04 13:00,2658,4381
2011-11-04 14:00,3615,5880
2011-11-04 15:00,4380,7007
2011-11-04 16:00,4098,6393
2011-11-04 17:00,4127,6701
2011-11-04 18:00,4265,6986
2011-11-04 19:00,4509,7354
2011-11-04 20:00,4633,7443
2011-11-04 21:00,4212,6987
2011-11-04 22:00,4010,6712
2011-11-04 23:00,3922,6534
2011-11-05 00:00,3695,6349
2011-11-05 01:00,3618,6179
2011-11-05 02:00,3671,7216
2011-11-05 03:00,3339,6338
2011-11-05 04:00,2878,5773
2011-11-05 05:00,2106,4136
2011-11-05 06:00,1967,3335
2011-11-05 07:00,1318,2213
2011-11-05 08:00,1141,1965
2011-11-05 09:00,1205,1977
2011-11-05 10:00,1201,2086
2011-11-05 11:00,1503,2483
2011-11-05 12:00,2130,3511
2011-11-05 13:00,2640,4328
2011-11-05 14:00,3200,5642
2011-11-05 15:00,3731,6276
2011-11-05 16:00,3928,6774
2011-11-05 17:00,3920,6798
2011-11-05 18:00,3724,6207
2011-11-05 19:00,4081,7360
2011-11-05 20:00,3788,6350
2011-11-05 21:00,3452,5863
2011-11-05 22:00,3579,5931
2011-11-05 23:00,3521,6233
2011-11-06 00:00,3454,6429
2011-11-06 01:00,3399,6408
2011-11-06 02:00,3139,5601
2011-11-06 03:00,3151,5744
2011-11-06 04:00,2569,4548
2011-11-06 05:00,2039,3517
2011-11-06 06:00,1490,2662
2011-11-06 07:00,1203,1995
2011-11-06 08:00,975,1503
2011-11-06 09:00,814,1306
2011-11-06 10:00,798,1296
2011-11-06 11:00,902,1422
2011-11-06 12:00,1289,2229
2011-11-06 13:00,1845,3098
2011-11-06 14:00,2615,4515
2011-11-06 15:00,2693,4490
2011-11-06 16:00,3079,5318
2011-11-06 17:00,3295,5442
2011-11-06 18:00,3201,5462
2011-11-06 19:00,3684,6401
2011-11-06 20:00,3155,5721
2011-11-06 21:00,3385,5659
2011-11-06 22:00,2996,5056
2011-11-06 23:00,3065,5124
2011-11-07 00:00,2913,5197
2011-11-07 01:00,3059,5419
2011-11-07 02:00,2939,5446
2011-11-07 03:00,2552,4782
2011-11-07 04:00,2254,4100
2011-11-07 05:00,1818,3446
2011-11-07 06:00,1569,3057
2011-11-07 07:00,1056,1847
2011-11-07 08:00,989,1651
2011-11-07 09:00,863,1363
2011-11-07 10:00,843,1404
2011-11-07 11:00,1134,1943
2011-11-07 12:00,1440,2393
2011-11-07 13:00,2165,3776
2011-11-07 14:00,2867,4572
2011-11-07 15:00,3122,5367
2011-11-07 16:00,3940,6354
2011-11-07 17:00,4115,6712
2011-11-07 18:00,3671,6311
2011-11-07 19:00,3931,6650
2011-11-07 20:00,4225,6869
2011-11-07 21:00,3658,5882
2011-11-07 22:00,3386,5494
2011-11-07 23:00,3292,5559
2011-11-08 00:00,3086,5617
2011-11-08 01:00,3171,5855
2011-11-08 02:00,2912,5238
2011-11-08 03:00,2883,5135
2011-11-08 04:00,2384,4032
2011-11-08 05:00,1977,3446
2011-11-08 06:00,1511,2746
2011-11-08 07:00,1191,2390
2011-11-08 08:00,999,1791
2011-11-08 09:00,806,1478
2011-11-08 10:00,869,1589
2011-11-08 11:00,1147,1857
2011-11-08 12:00,1490,2249
2011-11-08 13:00,1917,2914
2011-11-08 14:00,3044,4809
2011-11-08 15:00,3131,5635
2011-11-08 16:00,3381,5913
2011-11-08 17:00,3630,5829
2011-11-08 18:00,3387,5621
2011-11-08 19:00,3435,5935
2011-11-08 20:00,3971,6244
2011-11-08 21:00,3366,5538
2011-11-08 22:00,3779,6579
2011-11-08 23:00,3253,5519
2011-11-09 00:00,1312,1834
2011-11-09 16:00,2479,3846
2011-11-09 17:00,3734,6159
2011-11-09 18:00,3510,5849
2011-11-09 19:00,3016,4603
2011-11-09 20:00,1125,1480
2011-11-09 21:00,732,950
2011-11-09 22:00,3861,6370
2011-11-09 23:00,3302,6054
2011-11-10 00:00,3474,6295
2011-11-10 01:00,4910,10127
2011-11-10 02:00,4876,9867
2011-11-10 03:00,3824,6735
2011-11-10 04:00,3456,6178
2011-11-10 05:00,2922,5735
2011-11-10 06:00,2373,4931
2011-11-10 07:00,2030,4316
2011-11-10 08:00,1428,2713
2011-11-10 09:00,1033,1962
2011-11-10 10:00,839,1571
2011-11-10 11:00,1077,1846
2011-11-10 12:00,1446,2361
2011-11-10 13:00,2604,4091
2011-11-10 14:00,2789,4727
2011-11-10 15:00,3265,5359
2011-11-10 16:00,3470,5756
2011-11-10 17:00,3902,6445
2011-11-10 18:00,3654,5954
2011-11-10 19:00,3802,6295
2011-11-10 20:00,3563,5938
2011-11-10 21:00,3566,6015
2011-11-10 22:00,2874,4599
2011-11-10 23:00,3562,5684
2011-11-11 00:00,2689,4542
2011-11-11 01:00,3408,6484
2011-11-11 02:00,3444,6393
2011-11-11 03:00,3089,5586
2011-11-11 04:00,2782,5579
2011-11-11 05:00,2477,4808
2011-11-11 06:00,1902,3519
2011-11-11 07:00,1427,2792
2011-11-11 08:00,1070,1917
2011-11-11 09:00,746,1335
2011-11-11 10:00,780,1410
2011-11-11 11:00,880,1539
2011-11-11 12:00,1336,2209
2011-11-11 13:00,1825,3139
2011-11-11 14:00,2401,4054
2011-11-11 15:00,2949,4936
2011-11-11 16:00,3673,5691
2011-11-11 17:00,3428,5764
2011-11-11 18:00,3625,6153
2011-11-11 19:00,3471,5919
2011-11-11 20:00,3846,6361
2011-11-11 21:00,3400,5815
2011-11-11 22:00,3135,5548
2011-11-11 23:00,3069,5422
2011-11-12 00:00,2711,4888
2011-11-12 01:00,2764,5208
2011-11-12 02:00,2412,4892
2011-11-12 03:00,2270,4453
2011-11-12 04:00,2078,3975
2011-11-12 05:00,1829,3623
2011-11-12 06:00,1485,3101
2011-11-12 07:00,1209,2328
2011-11-12 08:00,866,1617
2011-11-12 09:00,727,1422
2011-11-12 10:00,662,1167
2011-11-12 11:00,695,1210
2011-11-12 12:00,982,1778
2011-11-12 13:00,1338,2290
2011-11-12 14:00,2012,3503
2011-11-12 15:00,2220,3626
2011-11-12 16:00,2578,4138
2011-11-12 17:00,2785,4635
2011-11-12 18:00,3001,5009
2011-11-12 19:00,2691,4803
2011-11-12 20:00,2558,4191
2011-11-12 21:00,2559,4481
2011-11-12 22:00,2552,4437
2011-11-12 23:00,2725,5081
2011-11-13 00:00,2716,5089
2011-11-13 01:00,3692,8086
2011-11-13 02:00,3051,6517
2011-11-13 03:00,2786,5422
2011-11-13 04:00,2530,5140
2011-11-13 05:00,2073,4240
2011-11-13 06:00,1766,3493
2011-11-13 07:00,1432,2907
2011-11-13 08:00,1345,2749
2011-11-13 09:00,983,2037
2011-11-13 10:00,1006,1983
2011-11-13 11:00,922,1690
2011-11-13 12:00,975,1892
2011-11-13 13:00,1465,2620
2011-11-13 14:00,1825,3316
2011-11-13 15:00,2190,3976
2011-11-13 16:00,2556,4453
2011-11-13 17:00,2849,4952
2011-11-13 18:00,2720,4848
2011-11-13 19:00,2589,4692
2011-11-13 20:00,2822,4906
2011-11-13 21:00,2497,4207
2011-11-13 22:00,2709,4512
2011-11-13 23:00,2912,5303
2011-11-14 00:00,3032,5407
2011-11-14 01:00,2421,4341
2011-11-14 02:00,2571,4834
2011-11-14 03:00,2853,5586
2011-11-14 04:00,2434,4548
2011-11-14 05:00,2014,3652
2011-11-14 06:00,1631,3062
2011-11-14 07:00,1330,2604
2011-11-14 08:00,1076,1986
2011-11-14 09:00,1026,2232
2011-11-14 10:00,1140,2922
2011-11-14 11:00,1388,3394
2011-11-14 12:00,2130,5345
2011-11-14 13:00,2230,5059
2011-11-14 14:00,1793,3226
2011-11-14 15:00,2387,3901
2011-11-14 16:00,4122,7710
2011-11-14 17:00,4069,7184
2011-11-14 18:00,3681,6409
2011-11-14 19:00,4317,7122
2011-11-14 20:00,3777,6394
2011-11-14 21:00,3054,4895
2011-11-14 22:00,3578,5478
2011-11-14 23:00,3410,6204
2011-11-15 00:00,3472,6320
2011-11-15 01:00,3563,6540
2011-11-15 02:00,3270,6125
2011-11-15 03:00,2931,5616
2011-11-15 04:00,2865,5110
2011-11-15 05:00,2424,4546
2011-11-15 06:00,9105,25614
2011-11-15 07:00,15479,51948
2011-11-15 08:00,14575,42643
2011-11-15 09:00,11218,28930
2011-11-15 10:00,7240,18256
2011-11-15 11:00,6531,14157
2011-11-15 12:00,8355,16213
2011-11-15 13:00,11762,22965
2011-11-15 14:00,12251,22733
2011-11-15 15:00,13650,25457
2011-11-15 16:00,13430,26701
2011-11-15 17:00,13381,26089
2011-11-15 18:00,11723,22767
2011-11-15 19:00,10506,19266
2011-11-15 20:00,10284,20455
2011-11-15 21:00,11563,21940
2011-11-15 22:00,11657,23206
2011-11-15 23:00,9399,17197
2011-11-16 00:00,7361,14139
2011-11-16 01:00,6528,12489
2011-11-16 02:00,6035,11219
2011-11-16 03:00,6012,10759
2011-11-16 04:00,4833,8774
2011-11-16 05:00,4282,8126
2011-11-16 06:00,3109,5461
2011-11-16 07:00,2398,4119
2011-11-16 08:00,1893,3285
2011-11-16 09:00,1715,3467
2011-11-16 10:00,1706,3618
2011-11-16 11:00,1976,3262
2011-11-16 12:00,2662,4440
2011-11-16 13:00,3492,5625
2011-11-16 14:00,4301,7066
2011-11-16 15:00,5418,8765
2011-11-16 16:00,941,1199
2011-11-16 19:00,2414,3694
2011-11-16 20:00,5089,8564
2011-11-16 21:00,5226,8995
2011-11-16 22:00,5596,9927
2011-11-16 23:00,5614,10401
2011-11-17 00:00,5449,10299
2011-11-17 01:00,5367,10604
2011-11-17 02:00,5138,9426
2011-11-17 03:00,2726,4008
2011-11-21 14:00,469,570
2011-11-21 15:00,3826,6280
2011-11-21 16:00,4056,6480
2011-11-21 17:00,5316,8238
2011-11-21 18:00,4389,6983
2011-11-21 19:00,4621,7342
2011-11-21 20:00,1079,1341
2011-11-28 16:00,1407,1972
2011-11-28 17:00,3356,5397
2011-11-28 18:00,3152,5039
2011-11-28 19:00,3049,5057
2011-11-28 20:00,3107,5152
2011-11-28 21:00,3444,5812
2011-11-28 22:00,3408,5769
2011-11-28 23:00,3077,5513
2011-11-29 00:00,2816,4721
2011-11-29 01:00,2651,4526
2011-11-29 02:00,2766,4925
2011-11-29 03:00,2545,4732
2011-11-29 04:00,2402,4390
2011-11-29 05:00,1689,2799
2011-11-29 06:00,1462,2704
2011-11-29 07:00,1136,2014
2011-11-29 08:00,861,1548
2011-11-29 09:00,695,1135
2011-11-29 10:00,660,1097
2011-11-29 11:00,913,1588
2011-11-29 12:00,1140,1944
2011-11-29 13:00,1272,2026
2011-11-29 14:00,2435,3720
2011-11-29 15:00,2382,3926
2011-11-29 16:00,2842,4679
2011-11-29 17:00,3106,5065
2011-11-29 18:00,3076,5179
2011-11-29 19:00,2751,4494
2011-11-29 20:00,3436,5532
2011-11-29 21:00,3108,5056
2011-11-29 22:00,3267,5289
2011-11-29 23:00,2998,5445
2011-11-30 00:00,2920,5223
2011-11-30 01:00,2782,4709
2011-11-30 02:00,2758,5041
2011-11-30 03:00,3129,6509
2011-11-30 04:00,3815,8325
2011-11-30 05:00,5483,12966
2011-11-30 06:00,7905,19953
2011-11-30 07:00,9469,22305
2011-11-30 08:00,11079,31937
2011-11-30 09:00,7582,19902
2011-11-30 10:00,3802,8635
2011-11-30 11:00,2775,5450
2011-11-30 12:00,2764,5214
2011-11-30 13:00,3112,6241
2011-11-30 14:00,3440,6028
2011-11-30 15:00,4382,7955
2011-11-30 16:00,4522,7714
2011-11-30 17:00,4671,7956
2011-11-30 18:00,4682,8451
2011-11-30 19:00,4435,8204
2011-11-30 20:00,3014,5046
2011-11-30 21:00,3981,6489
2011-11-30 22:00,3697,6201
2011-11-30 23:00,3895,7108
2011-12-01 00:00,3650,6437
2011-12-01 01:00,3487,6075
2011-12-01 02:00,3318,6004
2011-12-01 03:00,3004,5490
2011-12-01 04:00,2614,4607
2011-12-01 05:00,2222,4019
2011-12-01 06:00,1698,2962
2011-12-01 07:00,1317,2322
2011-12-01 08:00,1124,1930
2011-12-01 09:00,836,1463
2011-12-01 10:00,810,1594
2011-12-01 11:00,880,1532
2011-12-01 12:00,1291,2198
2011-12-01 13:00,1735,3057
2011-12-01 14:00,2568,4220
2011-12-01 15:00,3267,5127
2011-12-01 16:00,3268,5278
2011-12-01 17:00,3646,6080
2011-12-01 18:00,3483,5771
2011-12-01 19:00,3175,5202
2011-12-01 20:00,3051,5241
2011-12-01 21:00,3224,5310
2011-12-01 22:00,3098,5183
2011-12-01 23:00,2998,5322
2011-12-02 00:00,3013,5470
2011-12-02 01:00,3539,6850
2011-12-02 02:00,3228,6536
2011-12-02 03:00,3073,6133
2011-12-02 04:00,2674,4948
2011-12-02 05:00,2154,3930
2011-12-02 06:00,1659,3176
2011-12-02 07:00,1197,2176
2011-12-02 08:00,1083,1929
2011-12-02 09:00,840,1466
2011-12-02 10:00,776,1486
2011-12-02 11:00,893,1548
2011-12-02 12:00,1193,2079
2011-12-02 13:00,1642,2873
2011-12-02 14:00,2262,3637
2011-12-02 15:00,3257,4943
2011-12-02 16:00,2977,4953
2011-12-02 17:00,2873,4654
2011-12-02 18:00,3067,5214
2011-12-02 19:00,2987,5163
2011-12-02 20:00,2852,4588
2011-12-02 21:00,3212,5017
2011-12-02 22:00,2934,4776
2011-12-02 23:00,2740,4997
2011-12-03 00:00,2670,4854
2011-12-03 01:00,2479,4526
2011-12-03 02:00,2209,3962
2011-12-03 03:00,1991,3385
2011-12-03 04:00,1873,3723
2011-12-03 05:00,1758,3439
2011-12-03 06:00,1358,2353
2011-12-03 07:00,1145,1974
2011-12-03 08:00,907,1517
2011-12-03 09:00,736,1191
2011-12-03 10:00,628,999
2011-12-03 11:00,683,1102
2011-12-03 12:00,858,1505
2011-12-03 13:00,1296,2210
2011-12-03 14:00,1598,2667
2011-12-03 15:00,1899,3031
2011-12-03 16:00,2133,3426
2011-12-03 17:00,2504,4003
2011-12-03 18:00,3225,6181
2011-12-03 19:00,3115,5259
2011-12-03 20:00,2386,4181
2011-12-03 21:00,2563,4446
2011-12-03 22:00,2257,4091
2011-12-03 23:00,2465,4426
2011-12-04 00:00,2205,3836
2011-12-04 01:00,2128,3884
2011-12-04 02:00,2344,4469
2011-12-04 03:00,2040,3504
2011-12-04 04:00,1799,3276
2011-12-04 05:00,1713,3420
2011-12-04 06:00,1392,2831
2011-12-04 07:00,1159,2517
2011-12-04 08:00,972,2022
2011-12-04 09:00,830,1433
2011-12-04 10:00,631,1255
2011-12-04 11:00,652,1149
2011-12-04 12:00,801,1518
2011-12-04 13:00,1143,2024
2011-12-04 14:00,1559,2782
2011-12-04 15:00,1786,3089
2011-12-04 16:00,2124,3895
2011-12-04 17:00,2614,5088
2011-12-04 18:00,2614,5183
2011-12-04 19:00,2471,4684
2011-12-04 20:00,2590,5554
2011-12-04 21:00,2987,6646
2011-12-04 22:00,3087,7181
2011-12-04 23:00,3150,8143
2011-12-05 00:00,2998,7636
2011-12-05 01:00,3105,7796
2011-12-05 02:00,2771,5597
2011-12-05 03:00,2300,4347
2011-12-05 04:00,2052,3672
2011-12-05 05:00,1598,2899
2011-12-05 06:00,1263,2212
2011-12-05 07:00,1097,1911
2011-12-05 08:00,802,1505
2011-12-05 09:00,683,1216
2011-12-05 10:00,661,1223
2011-12-05 11:00,848,1456
2011-12-05 12:00,1188,2158
2011-12-05 13:00,1611,2683
2011-12-05 14:00,2331,3843
2011-12-05 15:00,2666,4287
2011-12-05 16:00,3361,5297
2011-12-05 17:00,3155,5609
2011-12-05 18:00,3060,5137
2011-12-05 19:00,3031,5202
2011-12-05 20:00,3293,5319
2011-12-05 21:00,2862,4723
2011-12-05 22:00,2969,5271
2011-12-05 23:00,2911,5150
2011-12-06 00:00,2602,4768
2011-12-06 01:00,2754,5288
2011-12-06 02:00,2613,4880
2011-12-06 03:00,2670,5430
2011-12-06 04:00,2334,4256
2011-12-06 05:00,1808,3330
2011-12-06 06:00,1362,2504
2011-12-06 07:00,980,1774
2011-12-06 08:00,782,1436
2011-12-06 09:00,697,1214
2011-12-06 10:00,729,1319
2011-12-06 11:00,880,1472
2011-12-06 12:00,1097,1915
2011-12-06 13:00,1463,2511
2011-12-06 14:00,2510,3886
2011-12-06 15:00,3173,4906
2011-12-06 16:00,2862,4433
2011-12-06 17:00,3041,5010
2011-12-06 18:00,3269,5893
2011-12-06 19:00,3757,7169
2011-12-06 20:00,3571,6548
2011-12-06 21:00,3509,6319
2011-12-06 22:00,3478,5955
2011-12-06 23:00,3154,5400
2011-12-07 00:00,2955,5343
2011-12-07 01:00,2768,4981
2011-12-07 02:00,2705,4932
2011-12-07 03:00,2561,4736
2011-12-07 04:00,2305,4120
2011-12-07 05:00,2028,3507
2011-12-07 06:00,1516,2623
2011-12-07 07:00,1211,2048
2011-12-07 08:00,870,1479
2011-12-07 09:00,717,1264
2011-12-07 10:00,1129,2290
2011-12-07 11:00,1230,2790
2011-12-07 12:00,1478,3083
2011-12-07 13:00,1905,3461
2011-12-07 14:00,2502,4194
2011-12-07 15:00,2745,4705
2011-12-07 16:00,3149,5486
2011-12-07 17:00,4225,6946
2011-12-07 18:00,3684,6831
2011-12-07 19:00,3755,7369
2011-12-07 20:00,3699,6731
2011-12-07 21:00,4040,7111
2011-12-07 22:00,3360,6084
2011-12-07 23:00,3184,5735
2011-12-08 00:00,2911,5601
2011-12-08 01:00,2661,5008
2011-12-08 02:00,3096,6166
2011-12-08 03:00,2872,6248
2011-12-08 04:00,2532,5483
2011-12-08 05:00,2064,4411
2011-12-08 06:00,1444,2807
2011-12-08 07:00,1164,2323
2011-12-08 08:00,961,1823
2011-12-08 09:00,795,1391
2011-12-08 10:00,773,1357
2011-12-08 11:00,981,1794
2011-12-08 12:00,1354,2348
2011-12-08 13:00,1740,3115
2011-12-08 14:00,2450,4140
2011-12-08 15:00,3399,5402
2011-12-08 16:00,3244,5699
2011-12-08 17:00,3204,5603
2011-12-08 18:00,3127,5616
2011-12-08 19:00,2857,4885
2011-12-08 20:00,3704,5923
2011-12-08 21:00,3852,5835
2011-12-08 22:00,3029,5118
2011-12-08 23:00,2827,4932
2011-12-09 00:00,2971,5613
2011-12-09 01:00,2822,5250
2011-12-09 02:00,2594,4922
2011-12-09 03:00,2640,4795
2011-12-09 04:00,3202,6916
2011-12-09 05:00,3501,9676
2011-12-09 06:00,2765,6808
2011-12-09 07:00,1728,3578
2011-12-09 08:00,1152,2437
2011-12-09 09:00,771,1505
2011-12-09 10:00,724,1374
2011-12-09 11:00,935,1728
2011-12-09 12:00,1263,2255
2011-12-09 13:00,1651,2820
2011-12-09 14:00,2415,4045
2011-12-09 15:00,2808,4699
2011-12-09 16:00,2854,4985
2011-12-09 17:00,3566,5648
2011-12-09 18:00,2846,4903
2011-12-09 19:00,2796,4714
2011-12-09 20:00,2707,4811
2011-12-09 21:00,2941,4710
2011-12-09 22:00,2625,4611
2011-12-09 23:00,2395,4633
2011-12-10 00:00,2237,4092
2011-12-10 01:00,2450,4668
2011-12-10 02:00,2101,3996
2011-12-10 03:00,1986,3801
2011-12-10 04:00,1839,3681
2011-12-10 05:00,1503,3035
2011-12-10 06:00,1198,2368
2011-12-10 07:00,1049,2130
2011-12-10 08:00,830,1715
2011-12-10 09:00,755,1592
2011-12-10 10:00,1097,4077
2011-12-10 11:00,1170,3729
2011-12-10 12:00,1273,2552
2011-12-10 13:00,1649,2922
2011-12-10 14:00,1963,3629
2011-12-10 15:00,2342,4289
2011-12-10 16:00,2432,4827
2011-12-10 17:00,2270,4245
2011-12-10 18:00,2369,4393
2011-12-10 19:00,2250,4169
2011-12-10 20:00,2311,4129
2011-12-10 21:00,2371,4407
2011-12-10 22:00,2237,3913
2011-12-10 23:00,2310,4034
2011-12-11 00:00,2361,4577
2011-12-11 01:00,2133,3998
2011-12-11 02:00,3521,7770
2011-12-11 03:00,3816,8104
2011-12-11 04:00,2439,4392
2011-12-11 05:00,1651,3102
2011-12-11 06:00,1320,2399
2011-12-11 07:00,969,1965
2011-12-11 08:00,786,1383
2011-12-11 09:00,617,1167
2011-12-11 10:00,603,1106
2011-12-11 11:00,522,945
2011-12-11 12:00,681,1382
2011-12-11 13:00,1081,2116
2011-12-11 14:00,1411,2619
2011-12-11 15:00,1769,3039
2011-12-11 16:00,1856,3340
2011-12-11 17:00,1861,3210
2011-12-11 18:00,1855,3268
2011-12-11 19:00,1944,3381
2011-12-11 20:00,1883,3243
2011-12-11 21:00,1902,3192
2011-12-11 22:00,1969,3448
2011-12-11 23:00,1908,3351
2011-12-12 00:00,1995,3591
2011-12-12 01:00,2032,3708
2011-12-12 02:00,1698,2999
2011-12-12 03:00,1899,3387
2011-12-12 04:00,1628,2886
2011-12-12 05:00,1402,2315
2011-12-12 06:00,1067,1812
2011-12-12 07:00,929,1730
2011-12-12 08:00,739,1463
2011-12-12 09:00,682,1199
2011-12-12 10:00,664,1227
2011-12-12 11:00,866,1560
2011-12-12 12:00,1222,2165
2011-12-12 13:00,2245,3662
2011-12-12 14:00,2574,5210
2011-12-12 15:00,3253,7155
2011-12-12 16:00,3925,7970
2011-12-12 17:00,3645,7143
2011-12-12 18:00,3412,6255
2011-12-12 19:00,3282,6110
2011-12-12 20:00,3431,6661
2011-12-12 21:00,3460,5991
2011-12-12 22:00,3069,5510
2011-12-12 23:00,3150,5883
2011-12-13 00:00,3547,6531
2011-12-13 01:00,3499,6441
2011-12-13 02:00,2798,5558
2011-12-13 03:00,2665,5142
2011-12-13 04:00,2221,4269
2011-12-13 05:00,1897,3755
2011-12-13 06:00,1505,2711
2011-12-13 07:00,1168,2184
2011-12-13 08:00,863,1592
2011-12-13 09:00,707,1474
2011-12-13 10:00,727,1579
2011-12-13 11:00,1099,1975
2011-12-13 12:00,1334,2212
2011-12-13 13:00,1742,3039
2011-12-13 14:00,2696,4212
2011-12-13 15:00,2673,4617
2011-12-13 16:00,2796,4907
2011-12-13 17:00,2801,4839
2011-12-13 18:00,2645,4533
2011-12-13 19:00,2829,5028
2011-12-13 20:00,2779,4779
2011-12-13 21:00,2798,4854
2011-12-13 22:00,2854,4625
2011-12-13 23:00,2470,4319
2011-12-14 00:00,2716,4987
2011-12-14 01:00,2292,4252
2011-12-14 02:00,2761,5660
2011-12-14 03:00,2574,5080
2011-12-14 04:00,2349,4270
2011-12-14 05:00,1812,3581
2011-12-14 06:00,1329,2465
2011-12-14 07:00,1052,2086
2011-12-14 08:00,807,1600
2011-12-14 09:00,643,1174
2011-12-14 10:00,633,1187
2011-12-14 11:00,978,1813
2011-12-14 12:00,1407,2354
2011-12-14 13:00,1860,3117
2011-12-14 14:00,2375,4124
2011-12-14 15:00,2561,4478
2011-12-14 16:00,2758,4701
2011-12-14 17:00,2739,4730
2011-12-14 18:00,2627,4550
2011-12-14 19:00,2853,5063
2011-12-14 20:00,2791,4656
2011-12-14 21:00,3091,5081
2011-12-14 22:00,1592,2343
2011-12-14 23:00,2517,4536
2011-12-15 00:00,2703,4807
2011-12-15 01:00,2602,4519
2011-12-15 02:00,2556,4531
2011-12-15 03:00,2409,4453
2011-12-15 04:00,2173,3819
2011-12-15 05:00,1858,3284
2011-12-15 06:00,1486,2516
2011-12-15 07:00,1183,2084
2011-12-15 08:00,826,1542
2011-12-15 09:00,763,1315
2011-12-15 10:00,786,1375
2011-12-15 11:00,848,1514
2011-12-15 12:00,1187,2085
2011-12-15 13:00,1698,2749
2011-12-15 14:00,2097,3547
2011-12-15 15:00,2496,4200
2011-12-15 16:00,2585,4205
2011-12-15 17:00,2915,5104
2011-12-15 18:00,2610,4354
2011-12-15 19:00,2661,4768
2011-12-15 20:00,2786,4739
2011-12-15 21:00,3157,5019
2011-12-15 22:00,2666,4476
2011-12-15 23:00,2555,4464
2011-12-16 00:00,2539,4620
2011-12-16 01:00,2582,4635
2011-12-16 02:00,3565,8263
2011-12-16 03:00,4313,9769
2011-12-16 04:00,2385,4251
2011-12-16 05:00,1715,3034
2011-12-16 06:00,1294,2380
2011-12-16 07:00,938,1771
2011-12-16 08:00,724,1419
2011-12-16 09:00,635,1242
2011-12-16 10:00,640,1234
2011-12-16 11:00,688,1306
2011-12-16 12:00,1091,2007
2011-12-16 13:00,1367,2495
2011-12-16 14:00,1885,3449
2011-12-16 15:00,2304,3905
2011-12-16 16:00,2481,4174
2011-12-16 17:00,2435,4494
2011-12-16 18:00,2245,4060
2011-12-16 19:00,2378,4145
2011-12-16 20:00,2779,4503
2011-12-16 21:00,2315,3841
2011-12-16 22:00,2197,3883
2011-12-16 23:00,2148,3839
2011-12-17 00:00,1945,3684
2011-12-17 01:00,1965,3696
2011-12-17 02:00,2007,3791
2011-12-17 03:00,1994,3705
2011-12-17 04:00,1621,3029
2011-12-17 05:00,1401,2736
2011-12-17 06:00,1001,1814
2011-12-17 07:00,860,1551
2011-12-17 08:00,785,1462
2011-12-17 09:00,617,1369
2011-12-17 10:00,626,1275
2011-12-17 11:00,713,1374
2011-12-17 12:00,819,1503
2011-12-17 13:00,1127,1963
2011-12-17 14:00,1345,2508
2011-12-17 15:00,1766,3232
2011-12-17 16:00,1945,3535
2011-12-17 17:00,2220,4427
2011-12-17 18:00,2162,4238
2011-12-17 19:00,2055,4012
2011-12-17 20:00,2552,5989
2011-12-17 21:00,2716,5898
2011-12-17 22:00,2422,5439
2011-12-17 23:00,3145,8471
2011-12-18 00:00,2630,6345
2011-12-18 01:00,2098,4246
2011-12-18 02:00,1953,3950
2011-12-18 03:00,1459,2777
2011-12-18 04:00,1531,2863
2011-12-18 05:00,1337,2424
2011-12-18 06:00,1017,1889
2011-12-18 07:00,907,1546
2011-12-18 08:00,669,1255
2011-12-18 09:00,642,1143
2011-12-18 10:00,554,1023
2011-12-18 11:00,566,1194
2011-12-18 12:00,723,1300
2011-12-18 13:00,929,1702
2011-12-18 14:00,1236,2467
2011-12-18 15:00,1520,2890
2011-12-18 16:00,2570,4158
2011-12-18 17:00,1761,3174
2011-12-18 18:00,1807,3232
2011-12-18 19:00,2103,3728
2011-12-18 20:00,2014,3511
2011-12-18 21:00,1919,3348
2011-12-18 22:00,1948,3365
2011-12-18 23:00,2126,3627
2011-12-19 00:00,1925,3288
2011-12-19 01:00,1870,3277
2011-12-19 02:00,1733,3143
2011-12-19 03:00,1946,3408
2011-12-19 04:00,1636,2792
2011-12-19 05:00,1336,2350
2011-12-19 06:00,413,586
2011-12-19 07:00,418,594
2011-12-19 08:00,408,644
2011-12-19 09:00,397,642
2011-12-19 10:00,368,644
2011-12-19 11:00,499,766
2011-12-19 12:00,523,805
2011-12-19 13:00,727,1092
2011-12-19 14:00,890,1347
2011-12-19 15:00,1014,1583
2011-12-19 16:00,1186,1761
2011-12-19 17:00,1297,2015
2011-12-19 18:00,1538,2372
2011-12-19 19:00,1521,2336
2011-12-19 20:00,1768,2496
2011-12-19 21:00,1603,2569
2011-12-19 22:00,1616,2792
2011-12-19 23:00,1386,2288
2011-12-20 00:00,1874,3465
2011-12-20 01:00,2073,3969
2011-12-20 02:00,1916,3467
2011-12-20 03:00,1943,3712
2011-12-20 04:00,1603,3149
2011-12-20 05:00,1420,2418
2011-12-20 06:00,1115,2076
2011-12-20 07:00,976,1969
2011-12-20 08:00,726,1328
2011-12-20 09:00,600,1095
2011-12-20 10:00,582,1077
2011-12-20 11:00,726,1227
2011-12-20 12:00,951,1719
2011-12-20 13:00,1312,2248
2011-12-20 14:00,2169,3328
2011-12-20 15:00,1994,3511
2011-12-20 16:00,1789,3005
2011-12-20 17:00,1637,2633
2011-12-20 18:00,1995,3340
2011-12-20 19:00,2694,4422
2011-12-20 20:00,2003,3293
2011-12-20 21:00,1979,3255
2011-12-20 22:00,2277,4309
2011-12-20 23:00,1947,3271
2011-12-21 00:00,1912,3336
2011-12-21 01:00,1884,3432
2011-12-21 02:00,1786,3590
2011-12-21 03:00,1682,3155
2011-12-21 04:00,1407,2522
2011-12-21 05:00,1105,1897
2011-12-21 06:00,1221,2213
2011-12-21 07:00,914,1797
2011-12-21 08:00,692,1326
2011-12-21 09:00,565,953
2011-12-21 10:00,549,968
2011-12-21 11:00,573,941
2011-12-21 12:00,539,857
2011-12-21 13:00,697,1106
2011-12-21 14:00,744,1106
2011-12-21 15:00,1002,1549
2011-12-21 16:00,954,1435
2011-12-21 17:00,1148,1698
2011-12-21 18:00,1221,1634
2011-12-21 19:00,2141,3113
2011-12-21 20:00,2065,3208
2011-12-21 21:00,2023,3429
2011-12-21 22:00,1863,3102
2011-12-21 23:00,1823,3057
2011-12-22 00:00,1808,3302
2011-12-22 01:00,1782,3395
2011-12-22 02:00,1715,3136
2011-12-22 03:00,1619,2925
2011-12-22 04:00,1559,2869
2011-12-22 05:00,1184,2186
2011-12-22 06:00,1020,1987
2011-12-22 07:00,910,1560
2011-12-22 08:00,681,1377
2011-12-22 09:00,639,1340
2011-12-22 10:00,620,1173
2011-12-22 11:00,635,1278
2011-12-22 12:00,841,1721
2011-12-22 13:00,1132,1967
2011-12-22 14:00,1358,2517
2011-12-22 15:00,1862,3273
2011-12-22 16:00,2095,3498
2011-12-22 17:00,1983,3375
2011-12-22 18:00,2353,3967
2011-12-22 19:00,2244,3685
2011-12-22 20:00,2069,3545
2011-12-22 21:00,2992,5172
2011-12-22 22:00,2689,4991
2011-12-22 23:00,2365,4364
2011-12-23 00:00,2032,3525
2011-12-23 01:00,1836,3562
2011-12-23 02:00,1979,3681
2011-12-23 03:00,2001,3681
2011-12-23 04:00,1557,2852
2011-12-23 05:00,1366,2492
2011-12-23 06:00,983,1728
2011-12-23 07:00,892,1598
2011-12-23 08:00,719,1312
2011-12-23 09:00,676,1246
2011-12-23 10:00,571,1016
2011-12-23 11:00,704,1364
2011-12-23 12:00,939,1789
2011-12-23 13:00,1239,2292
2011-12-23 14:00,1498,2682
2011-12-23 15:00,1747,3154
2011-12-23 16:00,1870,3480
2011-12-23 17:00,2028,3693
2011-12-23 18:00,1815,3284
2011-12-23 19:00,2235,3482
2011-12-23 20:00,1783,3299
2011-12-23 21:00,1602,2995
2011-12-23 22:00,1559,2887
2011-12-23 23:00,1554,2743
2011-12-24 00:00,1530,2787
2011-12-24 01:00,1607,3031
2011-12-24 02:00,1457,2769
2011-12-24 03:00,1401,2528
2011-12-24 04:00,1302,2366
2011-12-24 05:00,1100,1990
2011-12-24 06:00,876,1656
2011-12-24 07:00,810,1469
2011-12-24 08:00,600,1111
2011-12-24 09:00,534,928
2011-12-24 10:00,499,843
2011-12-24 11:00,491,912
2011-12-24 12:00,618,1048
2011-12-24 13:00,840,1440
2011-12-24 14:00,1100,1968
2011-12-24 15:00,1222,2157
2011-12-24 16:00,1424,2425
2011-12-24 17:00,1483,2563
2011-12-24 18:00,1361,2249
2011-12-24 19:00,1260,2024
2011-12-24 20:00,1447,2469
2011-12-24 21:00,1311,2145
2011-12-24 22:00,1159,1922
2011-12-24 23:00,1418,2121
2011-12-25 00:00,1034,1681
2011-12-25 01:00,945,1666
2011-12-25 02:00,955,1613
2011-12-25 03:00,853,1391
2011-12-25 04:00,794,1362
2011-12-25 05:00,774,1242
2011-12-25 06:00,600,975
2011-12-25 07:00,525,967
2011-12-25 08:00,480,815
2011-12-25 09:00,452,852
2011-12-25 10:00,364,642
2011-12-25 11:00,346,629
2011-12-25 12:00,525,831
2011-12-25 13:00,584,1018
2011-12-25 14:00,817,1389
2011-12-25 15:00,914,1494
2011-12-25 16:00,957,1708
2011-12-25 17:00,1123,1999
2011-12-25 18:00,1079,1953
2011-12-25 19:00,979,1606
2011-12-25 20:00,961,1674
2011-12-25 21:00,938,1522
2011-12-25 22:00,1071,1672
2011-12-25 23:00,1034,1667
2011-12-26 00:00,1013,1794
2011-12-26 01:00,1747,3029
2011-12-26 02:00,2029,3383
2011-12-26 03:00,1297,2009
2011-12-26 04:00,1044,1741
2011-12-26 05:00,927,1565
2011-12-26 06:00,723,1239
2011-12-26 07:00,647,1107
2011-12-26 08:00,525,905
2011-12-26 09:00,523,955
2011-12-26 10:00,475,887
2011-12-26 11:00,454,797
2011-12-26 12:00,509,967
2011-12-26 13:00,735,1354
2011-12-26 14:00,1053,1921
2011-12-26 15:00,1206,2216
2011-12-26 16:00,1804,2847
2011-12-26 17:00,1554,2648
2011-12-26 18:00,1507,2573
2011-12-26 19:00,1519,2721
2011-12-26 20:00,1491,2515
2011-12-26 21:00,1405,2677
2011-12-26 22:00,1503,2622
2011-12-26 23:00,1403,2572
2011-12-27 00:00,1453,2564
2011-12-27 01:00,1531,2635
2011-12-27 02:00,1415,2515
2011-12-27 03:00,1389,2675
2011-12-27 04:00,1256,2259
2011-12-27 05:00,1109,1803
2011-12-27 06:00,912,1576
2011-12-27 07:00,856,1304
2011-12-27 08:00,645,1156
2011-12-27 09:00,569,1044
2011-12-27 10:00,510,873
2011-12-27 11:00,539,941
2011-12-27 12:00,760,1566
2011-12-27 13:00,1054,2060
2011-12-27 14:00,1324,2260
2011-12-27 15:00,1638,2855
2011-12-27 16:00,1668,2992
2011-12-27 17:00,1943,3193
2011-12-27 18:00,1890,3242
2011-12-27 19:00,2076,3578
2011-12-27 20:00,1900,3224
2011-12-27 21:00,1926,3307
2011-12-27 22:00,1822,3184
2011-12-27 23:00,2069,3505
2011-12-28 00:00,1845,3426
2011-12-28 01:00,1893,3659
2011-12-28 02:00,1974,3920
2011-12-28 03:00,1896,3720
2011-12-28 04:00,1696,3413
2011-12-28 05:00,1424,2787
2011-12-28 06:00,1073,2127
2011-12-28 07:00,805,1538
2011-12-28 08:00,620,1294
2011-12-28 09:00,508,1013
2011-12-28 10:00,592,1207
2011-12-28 11:00,586,1151
2011-12-28 12:00,826,1660
2011-12-28 13:00,1069,1992
2011-12-28 14:00,1464,2679
2011-12-28 15:00,1911,3437
2011-12-28 16:00,2327,3936
2011-12-28 17:00,2193,3787
2011-12-28 18:00,2614,4161
2011-12-28 19:00,1981,3505
2011-12-28 20:00,1871,3310
2011-12-28 21:00,1948,3424
2011-12-28 22:00,1791,3051
2011-12-28 23:00,1868,3274
2011-12-29 00:00,1755,3062
2011-12-29 01:00,1958,3642
2011-12-29 02:00,2053,3790
2011-12-29 03:00,1954,3630
2011-12-29 04:00,1500,2767
2011-12-29 05:00,1321,2419
2011-12-29 06:00,972,1769
2011-12-29 07:00,750,1386
2011-12-29 08:00,675,1264
2011-12-29 09:00,560,1019
2011-12-29 10:00,539,1017
2011-12-29 11:00,670,1343
2011-12-29 12:00,855,1624
2011-12-29 13:00,1173,2062
2011-12-29 14:00,1465,2709
2011-12-29 15:00,1913,3373
2011-12-29 16:00,2073,3740
2011-12-29 17:00,1881,3384
2011-12-29 18:00,2428,3918
2011-12-29 19:00,1992,3438
2011-12-29 20:00,1860,3221
2011-12-29 21:00,1826,3200
2011-12-29 22:00,1845,3303
2011-12-29 23:00,2114,3574
2011-12-30 00:00,1980,3585
2011-12-30 01:00,1850,3732
2011-12-30 02:00,1877,3461
2011-12-30 03:00,1744,3201
2011-12-30 04:00,1521,2820
2011-12-30 05:00,1371,2510
2011-12-30 06:00,1045,1848
2011-12-30 07:00,827,1571
2011-12-30 08:00,670,1247
2011-12-30 09:00,823,1278
2011-12-30 10:00,539,1126
2011-12-30 11:00,593,1125
2011-12-30 12:00,815,1491
2011-12-30 13:00,1032,2002
2011-12-30 14:00,1385,2544
2011-12-30 15:00,1657,3087
2011-12-30 16:00,2034,3598
2011-12-30 17:00,1990,3566
2011-12-30 18:00,1978,3562
2011-12-30 19:00,1825,3254
2011-12-30 20:00,1903,3416
2011-12-30 21:00,1868,3273
2011-12-30 22:00,1931,3444
2011-12-30 23:00,2057,3714
2011-12-31 00:00,1758,3308
2011-12-31 01:00,1691,3274
2011-12-31 02:00,1530,2846
2011-12-31 03:00,1339,2501
2011-12-31 04:00,1364,2374
2011-12-31 05:00,1203,2069
2011-12-31 06:00,964,1732
2011-12-31 07:00,790,1433
2011-12-31 08:00,586,1093
2011-12-31 09:00,501,914
2011-12-31 10:00,440,820
2011-12-31 11:00,500,985
2011-12-31 12:00,582,1132
2011-12-31 13:00,816,1518
2011-12-31 14:00,1170,2084
2011-12-31 15:00,600,869
2011-12-31 16:00,1065,1783
2011-12-31 17:00,1433,2502
2011-12-31 18:00,1693,2896
2011-12-31 19:00,1859,3203
2011-12-31 20:00,1773,3125
2011-12-31 21:00,1847,3245
2011-12-31 22:00,1762,3083
2011-12-31 23:00,1759,3059
2012-01-01 00:00,1631,3042
2012-01-01 01:00,1746,3190
2012-01-01 02:00,1614,2969
2012-01-01 03:00,1850,3967
2012-01-01 04:00,2647,7234
2012-01-01 05:00,2614,5761
2012-01-01 06:00,1898,5008
2012-01-01 07:00,1738,3994
2012-01-01 08:00,1340,3103
2012-01-01 09:00,755,1452
2012-01-01 10:00,643,1212
2012-01-01 11:00,632,1192
2012-01-01 12:00,678,1197
2012-01-01 13:00,794,1488
2012-01-01 14:00,1058,2096
2012-01-01 15:00,1256,2263
2012-01-01 16:00,1574,2834
2012-01-01 17:00,1585,2789
2012-01-01 18:00,1758,2985
2012-01-01 19:00,1896,3365
2012-01-01 20:00,1982,3465
2012-01-01 21:00,1688,2999
2012-01-01 22:00,1696,2940
2012-01-01 23:00,1655,2819
2012-01-02 00:00,1751,3049
2012-01-02 01:00,1604,2780
2012-01-02 02:00,1619,2932
2012-01-02 03:00,1566,2765
2012-01-02 04:00,1431,2574
2012-01-02 05:00,1195,2078
2012-01-02 06:00,1007,1845
2012-01-02 07:00,760,1467
2012-01-02 08:00,637,1320
2012-01-02 09:00,635,1165
2012-01-02 10:00,539,1064
2012-01-02 11:00,591,1061
2012-01-02 12:00,691,1268
2012-01-02 13:00,1062,1823
2012-01-02 14:00,1968,3002
2012-01-02 15:00,1819,3164
2012-01-02 16:00,2257,4167
2012-01-02 17:00,2288,4236
2012-01-02 18:00,2431,4410
2012-01-02 19:00,2299,4217
2012-01-02 20:00,2247,4136
2012-01-02 21:00,2150,3802
2012-01-02 22:00,2150,3826
2012-01-02 23:00,2177,3919
2012-01-03 00:00,1968,3570
2012-01-03 01:00,2048,3660
2012-01-03 02:00,2024,3815
2012-01-03 03:00,2080,3687
2012-01-03 04:00,1918,3292
2012-01-03 05:00,1596,2856
2012-01-03 06:00,1256,2335
2012-01-03 07:00,1005,1860
2012-01-03 08:00,817,1456
2012-01-03 09:00,673,1306
2012-01-03 10:00,713,1368
2012-01-03 11:00,899,1630
2012-01-03 12:00,1236,2121
2012-01-03 13:00,1516,2605
2012-01-03 14:00,1842,3221
2012-01-03 15:00,2239,3744
2012-01-03 16:00,2965,4816
2012-01-03 17:00,2516,4349
2012-01-03 18:00,2626,4741
2012-01-03 19:00,2681,4465
2012-01-03 20:00,2279,3945
2012-01-03 21:00,3079,5300
2012-01-03 22:00,3091,6054
2012-01-03 23:00,3046,5750
2012-01-04 00:00,3168,5913
2012-01-04 01:00,2983,5308
2012-01-04 02:00,3417,5838
2012-01-04 03:00,3009,5058
2012-01-04 04:00,3150,5596
2012-01-04 05:00,2798,4962
2012-01-04 06:00,1855,3032
2012-01-04 07:00,1687,2733
2012-01-04 08:00,958,1569
2012-01-04 09:00,673,1101
2012-01-04 10:00,782,1241
2012-01-04 11:00,817,1354
2012-01-04 12:00,1081,1882
2012-01-04 13:00,1661,3004
2012-01-04 14:00,2079,3619
2012-01-04 15:00,2460,4094
2012-01-04 16:00,3754,6013
2012-01-04 17:00,2818,4698
2012-01-04 18:00,2697,4605
2012-01-04 19:00,2583,4540
2012-01-04 20:00,2494,4070
2012-01-04 21:00,2563,4290
2012-01-04 22:00,1887,2655
2012-01-04 23:00,776,983
2012-01-05 00:00,1059,1503
2012-01-05 01:00,1419,2139
2012-01-05 02:00,2207,3988
2012-01-05 03:00,2070,3874
2012-01-05 04:00,1726,3215
2012-01-05 05:00,1351,2470
2012-01-05 06:00,1217,2126
2012-01-05 07:00,1288,2469
2012-01-05 08:00,850,1824
2012-01-05 09:00,707,1358
2012-01-05 10:00,619,1111
2012-01-05 11:00,726,1354
2012-01-05 12:00,1035,1915
2012-01-05 13:00,1390,2506
2012-01-05 14:00,2118,3512
2012-01-05 15:00,2521,4233
2012-01-05 16:00,2439,4574
2012-01-05 17:00,2656,4723
2012-01-05 18:00,2539,4673
2012-01-05 19:00,2546,4582
2012-01-05 20:00,2462,4220
2012-01-05 21:00,2907,4728
2012-01-05 22:00,2585,4502
2012-01-05 23:00,2409,4395
2012-01-06 00:00,2509,4716
2012-01-06 01:00,2400,4249
2012-01-06 02:00,2329,4215
2012-01-06 03:00,2092,3676
2012-01-06 04:00,1886,3308
2012-01-06 05:00,1582,2679
2012-01-06 06:00,1118,1856
2012-01-06 07:00,740,1298
