Date,Num. HTs,Entropy, HHI
2011-09-14 17:00,4,0.995821,0.240000
2011-09-14 18:00,34,2.278758,0.219447
2011-09-14 20:00,32,2.663419,0.097699
2011-09-14 21:00,58,3.295226,0.063374
2011-09-14 22:00,43,2.652720,0.145292
2011-09-14 23:00,77,3.480986,0.051493
2011-09-15 00:00,71,3.360340,0.059349
2011-09-15 01:00,51,3.068932,0.072756
2011-09-15 02:00,46,3.206107,0.060431
2011-09-15 03:00,33,2.821290,0.070559
2011-09-15 04:00,41,2.599322,0.110738
2011-09-15 05:00,29,2.517367,0.119584
2011-09-15 06:00,32,2.887987,0.062309
2011-09-15 07:00,33,2.981022,0.053556
2011-09-15 08:00,25,2.660870,0.082683
2011-09-15 09:00,47,3.286788,0.046572
2011-09-15 10:00,38,3.091412,0.040346
2011-09-15 11:00,32,3.087659,0.040658
2011-09-15 12:00,35,2.694642,0.102767
2011-09-15 13:00,43,3.148751,0.049307
2011-09-15 14:00,33,2.833058,0.069442
2011-09-15 15:00,25,2.332784,0.174247
2011-09-16 23:00,2,0.693147,0.000000
2011-09-17 02:00,2,0.693147,0.000000
2011-09-17 04:00,2,0.693147,0.000000
2011-09-17 06:00,2,0.693147,0.000000
2011-09-17 12:00,11,2.283687,0.022684
2011-09-17 13:00,15,2.500002,0.028972
2011-09-17 14:00,13,2.516410,0.007559
2011-09-17 19:00,4,1.242453,0.111111
2011-09-17 21:00,2,0.693147,0.000000
2011-09-18 00:00,43,2.713236,0.093924
2011-09-18 01:00,53,2.948450,0.084474
2011-09-18 02:00,59,2.962135,0.090162
2011-09-18 18:00,2,0.693147,0.000000
2011-09-18 19:00,2,0.693147,0.000000
2011-09-19 16:00,44,2.871878,0.089140
2011-09-19 18:00,54,2.923827,0.097754
2011-09-19 19:00,59,2.971739,0.093776
2011-09-19 20:00,63,3.119232,0.086998
2011-09-19 22:00,54,3.017922,0.077129
2011-09-19 23:00,59,3.107116,0.084843
2011-09-20 01:00,51,2.939881,0.091498
2011-09-20 03:00,53,2.889805,0.105857
2011-09-20 04:00,101,3.678854,0.058667
2011-09-20 05:00,51,3.019691,0.084581
2011-09-20 07:00,28,2.859534,0.065556
2011-09-20 08:00,69,3.128163,0.081489
2011-09-20 09:00,78,3.176800,0.098366
2011-09-20 10:00,58,3.171202,0.072319
2011-09-20 11:00,60,3.075560,0.092183
2011-09-20 12:00,45,2.782721,0.109054
2011-09-20 13:00,53,2.730723,0.135969
2011-09-20 14:00,51,3.021626,0.066721
2011-09-20 16:00,47,2.669125,0.145148
2011-09-20 23:00,63,3.292274,0.059375
2011-09-21 01:00,65,3.283142,0.067639
2011-09-21 02:00,51,2.907567,0.093288
2011-09-21 03:00,55,2.809004,0.125128
2011-09-21 04:00,46,2.774150,0.111456
2011-09-21 08:00,74,3.320456,0.072703
2011-09-21 09:00,80,3.474084,0.066632
2011-09-21 10:00,63,2.948217,0.129076
2011-09-21 13:00,81,3.463443,0.070296
2011-09-21 14:00,61,3.053433,0.096548
2011-09-21 16:00,46,2.887630,0.088121
2011-09-21 17:00,45,2.682326,0.127729
2011-09-21 18:00,54,3.003043,0.099400
2011-09-21 19:00,15,2.371230,0.068195
2011-09-21 20:00,47,2.677314,0.121943
2011-09-21 21:00,43,2.793924,0.096255
2011-09-21 22:00,54,2.991335,0.089213
2011-09-21 23:00,33,2.348753,0.180477
2011-09-22 00:00,223,3.547882,0.102198
2011-09-22 01:00,238,3.597240,0.087814
2011-09-22 02:00,273,3.760506,0.080397
2011-09-22 03:00,239,3.518327,0.106030
2011-09-22 04:00,188,3.473442,0.096351
2011-09-22 05:00,221,3.639865,0.075333
2011-09-22 06:00,181,3.614448,0.095008
2011-09-22 07:00,64,3.295760,0.059987
2011-09-22 08:00,79,3.445030,0.061702
2011-09-22 09:00,104,3.752560,0.061888
2011-09-22 10:00,167,3.928811,0.062414
2011-09-22 11:00,81,3.504848,0.069092
2011-09-22 12:00,81,3.395806,0.073171
2011-09-22 13:00,169,3.461908,0.095917
2011-09-22 14:00,293,3.742736,0.100017
2011-09-22 15:00,272,3.689452,0.099678
2011-09-22 16:00,274,3.724576,0.088097
2011-09-22 17:00,279,3.863330,0.076547
2011-09-22 18:00,302,3.802752,0.090765
2011-09-22 19:00,257,3.763954,0.088574
2011-09-22 20:00,248,3.401519,0.121751
2011-09-22 21:00,64,2.869660,0.129825
2011-09-22 22:00,41,2.479368,0.180231
2011-09-22 23:00,342,3.382307,0.119537
2011-09-23 00:00,441,3.271790,0.114471
2011-09-23 01:00,307,3.536286,0.098495
2011-09-23 02:00,317,3.542670,0.105741
2011-09-23 03:00,337,3.718903,0.100056
2011-09-23 04:00,277,3.737018,0.105939
2011-09-23 05:00,232,3.825068,0.075457
2011-09-23 12:00,51,2.940887,0.082443
2011-09-23 13:00,233,3.476894,0.113468
2011-09-23 14:00,274,3.597218,0.100575
2011-09-23 15:00,294,3.898832,0.074504
2011-09-23 16:00,313,3.911057,0.084593
2011-09-23 17:00,291,3.836586,0.090066
2011-09-23 18:00,325,3.941139,0.088567
2011-09-23 19:00,269,3.699870,0.099508
2011-09-23 20:00,307,3.817270,0.095623
2011-09-23 21:00,238,3.661912,0.105847
2011-09-23 22:00,279,3.598295,0.119461
2011-09-23 23:00,246,3.603562,0.110711
2011-09-24 00:00,267,3.576974,0.119499
2011-09-24 01:00,273,3.714275,0.096644
2011-09-24 02:00,223,3.598852,0.092477
2011-09-24 03:00,248,3.767794,0.082258
2011-09-24 04:00,269,3.930414,0.077442
2011-09-24 05:00,81,3.468498,0.068241
2011-09-24 06:00,81,3.765102,0.043884
2011-09-24 07:00,61,3.614101,0.038216
2011-09-24 08:00,84,3.324812,0.105229
2011-09-24 10:00,74,3.372974,0.073006
2011-09-24 11:00,28,2.946340,0.049813
2011-09-24 12:00,65,3.074449,0.112890
2011-09-24 13:00,79,3.181582,0.101488
2011-09-24 14:00,279,3.780852,0.088342
2011-09-24 15:00,261,3.563370,0.107733
2011-09-24 16:00,253,3.776983,0.071588
2011-09-24 17:00,237,3.254683,0.121995
2011-09-24 18:00,224,2.893956,0.177887
2011-09-24 19:00,213,3.086580,0.140925
2011-09-24 20:00,210,3.215894,0.138489
2011-09-24 21:00,208,3.144957,0.144756
2011-09-24 22:00,208,3.148454,0.128734
2011-09-24 23:00,198,3.145425,0.139939
2011-09-25 00:00,220,3.088581,0.153437
2011-09-25 01:00,179,2.958281,0.158617
2011-09-25 02:00,234,3.122242,0.152264
2011-09-25 03:00,208,3.061647,0.153917
2011-09-25 04:00,198,3.031497,0.159738
2011-09-25 05:00,191,3.391412,0.117845
2011-09-25 06:00,232,3.657458,0.099853
2011-09-25 07:00,280,3.805943,0.092197
2011-09-25 08:00,256,3.523619,0.112163
2011-09-25 09:00,268,3.413744,0.137842
2011-09-25 10:00,14,2.279538,0.078021
2011-09-25 11:00,51,2.875184,0.113115
2011-09-25 12:00,55,2.946108,0.108160
2011-09-25 13:00,56,2.842574,0.127978
2011-09-25 14:00,45,2.614556,0.150158
2011-09-25 16:00,41,2.490012,0.168240
2011-09-25 17:00,45,2.832515,0.098774
2011-09-25 18:00,47,2.581170,0.161119
2011-09-25 20:00,26,2.049757,0.204304
2011-09-25 21:00,47,2.562524,0.171700
2011-09-25 22:00,58,2.774121,0.147024
2011-09-26 00:00,50,2.747066,0.141965
2011-09-26 01:00,72,3.161287,0.103178
2011-09-26 02:00,65,3.035349,0.121588
2011-09-26 04:00,67,3.198912,0.089804
2011-09-26 05:00,56,2.915746,0.109184
2011-09-26 06:00,58,3.003725,0.104717
2011-09-26 07:00,48,2.637822,0.158013
2011-09-26 10:00,63,2.990909,0.130684
2011-09-26 11:00,52,2.622863,0.164993
2011-09-26 12:00,48,2.760211,0.134604
2011-09-26 13:00,17,2.535106,0.056953
2011-09-26 14:00,48,2.732430,0.133114
2011-09-26 15:00,64,2.941144,0.129243
2011-09-26 16:00,205,2.993736,0.103583
2011-09-26 17:00,373,3.328219,0.134451
2011-09-26 18:00,535,3.669193,0.113815
2011-09-26 19:00,571,3.597437,0.134028
2011-09-26 20:00,493,3.313956,0.112043
2011-09-26 21:00,508,3.621130,0.130808
2011-09-26 22:00,607,3.707431,0.125162
2011-09-26 23:00,646,3.841332,0.107511
2011-09-27 00:00,573,3.334857,0.159733
2011-09-27 01:00,496,3.252530,0.160546
2011-09-27 02:00,617,3.649760,0.133258
2011-09-27 03:00,525,3.736003,0.120501
2011-09-27 04:00,531,3.593451,0.141715
2011-09-27 05:00,361,3.827410,0.103038
2011-09-27 06:00,220,3.387241,0.136389
2011-09-27 07:00,209,3.372903,0.133713
2011-09-27 08:00,251,3.604491,0.101204
2011-09-27 09:00,133,3.374787,0.113457
2011-09-27 10:00,186,3.408361,0.126149
2011-09-27 11:00,265,3.115059,0.172592
2011-09-27 12:00,290,3.370780,0.136287
2011-09-27 13:00,278,3.358515,0.138255
2011-09-27 14:00,403,3.278647,0.161552
2011-09-27 15:00,442,3.168982,0.192449
2011-09-27 16:00,520,3.334763,0.172961
2011-09-27 17:00,477,3.495940,0.141373
2011-09-27 18:00,552,3.539791,0.153089
2011-09-27 19:00,419,3.468697,0.157029
2011-09-27 20:00,303,3.298732,0.158261
2011-09-27 21:00,548,3.451747,0.160642
2011-09-27 22:00,534,3.529566,0.154506
2011-09-27 23:00,398,3.084860,0.149633
2011-09-28 00:00,384,3.586828,0.130026
2011-09-28 01:00,510,3.456666,0.146083
2011-09-28 02:00,498,3.542024,0.140909
2011-09-28 03:00,401,3.624059,0.129880
2011-09-28 04:00,438,3.649012,0.132506
2011-09-28 05:00,278,3.561805,0.126555
2011-09-28 06:00,254,3.490960,0.132671
2011-09-28 07:00,284,3.704083,0.097437
2011-09-28 12:00,245,3.256869,0.152875
2011-09-28 13:00,404,3.385059,0.162975
2011-09-28 14:00,516,3.770076,0.128850
2011-09-28 15:00,302,3.634410,0.124784
2011-09-28 16:00,435,3.449772,0.131590
2011-09-28 17:00,556,3.556456,0.160128
2011-09-28 18:00,456,2.965897,0.171233
2011-09-28 19:00,506,3.507031,0.134814
2011-09-28 20:00,8,1.658110,0.160494
2011-09-28 21:00,394,3.581179,0.123153
2011-09-28 22:00,395,3.432004,0.144648
2011-09-28 23:00,413,3.562117,0.143610
2011-09-29 00:00,617,3.660405,0.138551
2011-09-29 01:00,403,3.661491,0.121932
2011-09-29 02:00,347,3.593146,0.114444
2011-09-29 03:00,434,3.783029,0.110280
2011-09-29 04:00,397,3.740996,0.120124
2011-09-29 05:00,392,3.723103,0.112847
2011-09-29 06:00,255,3.671137,0.105450
2011-09-29 09:00,56,2.957759,0.109783
2011-09-29 11:00,64,3.128220,0.096600
2011-09-29 12:00,216,2.729870,0.136308
2011-09-29 13:00,257,3.414182,0.143966
2011-09-29 14:00,238,3.356872,0.140314
2011-09-29 15:00,264,3.517579,0.121594
2011-09-29 16:00,270,3.429660,0.148753
2011-09-29 17:00,264,3.417114,0.132439
2011-09-29 18:00,237,3.181133,0.123703
2011-09-29 19:00,283,3.440938,0.145201
2011-09-29 20:00,216,3.174559,0.156159
2011-09-29 22:00,183,3.203312,0.166237
2011-09-29 23:00,441,3.335326,0.185041
2011-09-30 00:00,528,3.122355,0.188552
2011-09-30 01:00,597,3.555476,0.154442
2011-09-30 02:00,490,3.639048,0.133542
2011-09-30 03:00,408,3.605489,0.130623
2011-09-30 04:00,417,3.725764,0.123964
2011-09-30 05:00,354,3.365027,0.155015
2011-09-30 06:00,336,3.532888,0.137238
2011-09-30 07:00,203,3.386300,0.125421
2011-09-30 08:00,224,3.140963,0.172535
2011-09-30 09:00,241,3.262851,0.179818
2011-09-30 10:00,272,3.552042,0.137508
2011-09-30 11:00,295,3.468059,0.140305
2011-09-30 12:00,284,3.138040,0.177595
2011-09-30 13:00,441,3.275208,0.179450
2011-09-30 14:00,474,3.385536,0.165370
2011-09-30 15:00,585,3.322857,0.183065
2011-09-30 16:00,680,3.096285,0.176763
2011-09-30 17:00,708,3.256927,0.166695
2011-09-30 18:00,688,3.469601,0.156592
2011-09-30 19:00,636,3.349823,0.161276
2011-09-30 20:00,725,3.627307,0.135002
2011-09-30 21:00,671,3.413643,0.160483
2011-09-30 22:00,731,3.490587,0.160108
2011-09-30 23:00,665,3.716155,0.126479
2011-10-01 00:00,547,3.604280,0.128125
2011-10-01 01:00,488,3.670778,0.122672
2011-10-01 02:00,513,3.613585,0.131649
2011-10-01 03:00,494,3.693443,0.121225
2011-10-01 04:00,468,3.779500,0.110922
2011-10-01 05:00,310,3.499221,0.128105
2011-10-01 06:00,216,3.221375,0.155795
2011-10-01 07:00,232,3.513815,0.130373
2011-10-01 08:00,136,3.535239,0.094864
2011-10-01 11:00,213,3.406738,0.135822
2011-10-01 12:00,334,3.465068,0.148250
2011-10-01 13:00,355,3.474836,0.148210
2011-10-01 14:00,460,3.360614,0.165458
2011-10-01 15:00,638,3.484518,0.161281
2011-10-01 16:00,632,3.514084,0.150440
2011-10-01 17:00,702,3.561843,0.156078
2011-10-01 18:00,606,3.206417,0.130160
2011-10-01 19:00,790,3.578466,0.146278
2011-10-01 20:00,1053,3.092979,0.172594
2011-10-01 21:00,1293,3.050196,0.184981
2011-10-01 22:00,1340,3.050597,0.200017
2011-10-01 23:00,1242,3.157730,0.191634
2011-10-02 00:00,1187,3.193917,0.198804
2011-10-02 01:00,1039,3.169898,0.200208
2011-10-02 02:00,1103,3.202691,0.202369
2011-10-02 03:00,948,3.015175,0.230702
2011-10-02 04:00,814,3.197241,0.197041
2011-10-02 05:00,735,3.087447,0.209527
2011-10-02 06:00,661,3.153376,0.197406
2011-10-02 07:00,572,3.317322,0.158824
2011-10-02 08:00,546,3.272194,0.184260
2011-10-02 09:00,476,3.318579,0.178411
2011-10-02 10:00,540,3.446378,0.161509
2011-10-02 11:00,422,3.350778,0.169140
2011-10-02 12:00,578,3.350765,0.173768
2011-10-02 13:00,781,3.482266,0.167670
2011-10-02 14:00,812,3.290252,0.186702
2011-10-02 15:00,836,3.239495,0.187080
2011-10-02 16:00,970,3.576187,0.157174
2011-10-02 17:00,921,3.414652,0.182709
2011-10-02 18:00,948,3.477419,0.182343
2011-10-02 19:00,929,3.822403,0.143812
2011-10-02 20:00,914,3.605500,0.161401
2011-10-02 21:00,883,3.432705,0.175685
2011-10-02 22:00,941,3.426365,0.201578
2011-10-02 23:00,958,3.449409,0.183734
2011-10-03 00:00,851,3.425919,0.174385
2011-10-03 01:00,959,3.431235,0.178103
2011-10-03 02:00,839,3.470455,0.166162
2011-10-03 03:00,865,3.554965,0.161678
2011-10-03 04:00,741,3.524859,0.177392
2011-10-03 05:00,630,3.699688,0.137045
2011-10-03 06:00,528,3.753798,0.127878
2011-10-03 07:00,372,3.595622,0.140742
2011-10-03 08:00,257,3.519655,0.134471
2011-10-03 09:00,268,3.431692,0.148485
2011-10-03 10:00,358,3.672550,0.132390
2011-10-03 11:00,371,3.333491,0.168225
2011-10-03 12:00,547,3.123861,0.168302
2011-10-03 13:00,876,3.734873,0.152960
2011-10-03 14:00,863,3.409467,0.182694
2011-10-03 15:00,902,3.377869,0.181339
2011-10-03 16:00,175,2.816439,0.206138
2011-10-03 19:00,860,3.623729,0.150223
2011-10-03 20:00,930,3.498881,0.158011
2011-10-03 21:00,951,3.505467,0.155780
2011-10-03 22:00,963,3.718831,0.148378
2011-10-03 23:00,1011,3.603366,0.162662
2011-10-04 00:00,945,3.590355,0.157355
2011-10-04 01:00,943,3.532358,0.152067
2011-10-04 02:00,932,3.531369,0.163740
2011-10-04 03:00,799,3.479449,0.168203
2011-10-04 04:00,728,3.718044,0.131509
2011-10-04 05:00,608,3.661143,0.140315
2011-10-04 06:00,564,3.700036,0.140211
2011-10-04 07:00,371,3.610176,0.145286
2011-10-04 08:00,317,3.703112,0.112891
2011-10-04 09:00,363,3.654065,0.131924
2011-10-04 10:00,342,3.631349,0.125965
2011-10-04 11:00,464,3.921906,0.099361
2011-10-04 12:00,669,3.409228,0.175927
2011-10-04 13:00,731,3.464911,0.163812
2011-10-04 14:00,789,3.645714,0.148310
2011-10-04 15:00,845,3.714797,0.139058
2011-10-04 16:00,1027,3.742571,0.141824
2011-10-04 17:00,892,3.904697,0.124407
2011-10-04 18:00,937,3.796027,0.144134
2011-10-04 19:00,838,3.907683,0.130877
2011-10-04 20:00,827,3.537632,0.164954
2011-10-04 21:00,857,3.659292,0.149075
2011-10-04 22:00,800,3.741994,0.142992
2011-10-04 23:00,805,3.827325,0.139048
2011-10-05 00:00,892,3.723610,0.145283
2011-10-05 01:00,847,3.806058,0.132330
2011-10-05 02:00,811,3.579127,0.159062
2011-10-05 03:00,747,3.641733,0.144835
2011-10-05 04:00,594,3.557231,0.136270
2011-10-05 05:00,624,3.759632,0.123669
2011-10-05 06:00,522,3.716808,0.125397
2011-10-05 07:00,300,3.585490,0.125519
2011-10-05 08:00,294,3.545079,0.127931
2011-10-05 09:00,335,3.763254,0.113872
2011-10-05 10:00,341,3.851010,0.094357
2011-10-05 11:00,465,3.676780,0.128714
2011-10-05 12:00,655,3.689637,0.139253
2011-10-05 13:00,785,3.518599,0.163368
2011-10-05 14:00,1009,3.665366,0.148622
2011-10-05 15:00,1042,3.674086,0.147013
2011-10-05 16:00,989,3.656415,0.150596
2011-10-05 17:00,1145,3.534217,0.151582
2011-10-05 18:00,1163,3.721123,0.146281
2011-10-05 19:00,1140,3.438729,0.170384
2011-10-05 20:00,1303,3.413317,0.172815
2011-10-05 21:00,1448,3.490736,0.170405
2011-10-05 22:00,1116,3.385001,0.180634
2011-10-05 23:00,1361,3.571230,0.159982
2011-10-06 00:00,1269,3.064300,0.186009
2011-10-06 01:00,1093,3.013694,0.205774
2011-10-06 02:00,1305,3.234518,0.172280
2011-10-06 03:00,1185,3.303977,0.154496
2011-10-06 04:00,920,3.175827,0.160947
2011-10-06 05:00,638,3.180139,0.170707
2011-10-06 06:00,538,3.271972,0.155787
2011-10-06 07:00,348,3.196904,0.163293
2011-10-06 08:00,213,3.247923,0.133081
2011-10-06 09:00,282,3.225837,0.140474
2011-10-06 10:00,267,3.241183,0.149437
2011-10-06 11:00,516,3.385047,0.153341
2011-10-06 12:00,692,3.307183,0.138368
2011-10-06 13:00,805,3.449899,0.161424
2011-10-06 14:00,837,3.500965,0.150557
2011-10-06 15:00,1033,3.485581,0.156830
2011-10-06 16:00,960,3.445586,0.163293
2011-10-06 17:00,997,3.588041,0.151399
2011-10-06 18:00,775,3.628990,0.138156
2011-10-06 19:00,965,3.620541,0.145745
2011-10-06 20:00,1023,3.922597,0.115403
2011-10-06 21:00,985,3.784802,0.131817
2011-10-06 22:00,1008,3.896450,0.112440
2011-10-06 23:00,986,4.345631,0.066122
2011-10-07 00:00,930,4.043723,0.082020
2011-10-07 01:00,1209,4.206693,0.074838
2011-10-07 02:00,1289,4.202062,0.075802
2011-10-07 03:00,995,4.148309,0.074349
2011-10-07 04:00,93,3.324252,0.075341
2011-10-07 05:00,739,4.068698,0.074504
2011-10-07 06:00,635,4.092343,0.072740
2011-10-07 07:00,475,4.178355,0.062292
2011-10-07 08:00,543,4.109541,0.065393
2011-10-07 09:00,284,3.813650,0.074068
2011-10-07 10:00,444,4.025388,0.075043
2011-10-07 11:00,513,4.084814,0.074005
2011-10-07 12:00,785,4.099232,0.075644
2011-10-07 13:00,1160,3.975525,0.090955
2011-10-07 14:00,1389,4.021730,0.089782
2011-10-07 15:00,1423,3.927103,0.086126
2011-10-07 16:00,1370,4.114368,0.086629
2011-10-07 17:00,1467,4.016028,0.089817
2011-10-07 18:00,1384,4.155608,0.081749
2011-10-07 19:00,1488,4.105616,0.084573
2011-10-07 20:00,1480,4.072175,0.085921
2011-10-07 21:00,1343,4.035106,0.087311
2011-10-07 22:00,1366,4.264795,0.070346
2011-10-07 23:00,1296,4.058884,0.081944
2011-10-08 00:00,1203,4.193153,0.071272
2011-10-08 01:00,1187,4.243452,0.070737
2011-10-08 02:00,1190,4.233501,0.071441
2011-10-08 03:00,1067,4.065106,0.084399
2011-10-08 04:00,839,4.044068,0.077331
2011-10-08 05:00,814,3.978350,0.084073
2011-10-08 06:00,665,4.055728,0.077197
2011-10-08 07:00,552,4.046985,0.071864
2011-10-08 08:00,456,4.090934,0.062853
2011-10-08 09:00,457,3.939841,0.074839
2011-10-08 10:00,474,4.076332,0.067401
2011-10-08 11:00,556,3.992037,0.069336
2011-10-08 12:00,674,3.979271,0.074738
2011-10-08 13:00,852,4.101263,0.071871
2011-10-08 14:00,1013,4.134061,0.070352
2011-10-08 15:00,1151,4.224106,0.074395
2011-10-08 16:00,1127,4.061501,0.081696
2011-10-08 17:00,1183,4.060716,0.084862
2011-10-08 18:00,1231,4.102554,0.086772
2011-10-08 19:00,1279,3.907010,0.096301
2011-10-08 20:00,1368,3.852580,0.099550
2011-10-08 21:00,1267,4.016092,0.085050
2011-10-08 22:00,1271,3.947861,0.093676
2011-10-08 23:00,1323,4.151221,0.083937
2011-10-09 00:00,1190,4.176577,0.077823
2011-10-09 01:00,1042,3.989479,0.087537
2011-10-09 02:00,1103,4.018714,0.089087
2011-10-09 03:00,1087,4.051851,0.089128
2011-10-09 04:00,922,4.128975,0.079172
2011-10-09 05:00,766,4.090296,0.075494
2011-10-09 06:00,659,3.935055,0.078991
2011-10-09 07:00,568,4.078401,0.069230
2011-10-09 08:00,653,4.157665,0.072587
2011-10-09 09:00,527,4.018721,0.074312
2011-10-09 10:00,512,4.087043,0.066149
2011-10-09 11:00,575,4.129446,0.066439
2011-10-09 12:00,645,4.027161,0.075772
2011-10-09 13:00,873,4.118863,0.074530
2011-10-09 14:00,1065,4.191574,0.076687
2011-10-09 15:00,1150,3.974577,0.091298
2011-10-09 16:00,1281,4.012591,0.087767
2011-10-09 17:00,1258,4.204234,0.076385
2011-10-09 18:00,1242,4.167182,0.081380
2011-10-09 19:00,1232,4.226777,0.078853
2011-10-09 20:00,1268,4.230365,0.078576
2011-10-09 21:00,1185,4.274529,0.075418
2011-10-09 22:00,1102,4.054763,0.084168
2011-10-09 23:00,1159,4.156398,0.075451
2011-10-10 00:00,1191,4.264283,0.071089
2011-10-10 01:00,1146,4.201104,0.077041
2011-10-10 02:00,1166,3.979755,0.095135
2011-10-10 03:00,1111,3.952749,0.093822
2011-10-10 04:00,915,4.088468,0.084659
2011-10-10 05:00,726,4.102175,0.073972
2011-10-10 06:00,698,4.220304,0.068809
2011-10-10 07:00,553,4.025951,0.078103
2011-10-10 08:00,543,4.274424,0.063176
2011-10-10 09:00,480,4.053823,0.068484
2011-10-10 10:00,648,4.656466,0.041073
2011-10-10 11:00,627,4.090786,0.073539
2011-10-10 12:00,905,4.195703,0.071193
2011-10-10 13:00,1137,4.329257,0.069279
2011-10-10 14:00,1257,4.132131,0.084387
2011-10-10 15:00,1440,4.050221,0.081223
2011-10-10 16:00,1481,4.111443,0.079670
2011-10-10 17:00,1514,4.032906,0.089291
2011-10-10 18:00,1485,4.074185,0.090471
2011-10-10 19:00,1612,4.061595,0.090009
2011-10-10 20:00,1031,3.917705,0.094641
2011-10-10 21:00,1515,3.999472,0.090333
2011-10-10 22:00,1599,4.210530,0.080565
2011-10-10 23:00,1688,4.357679,0.073384
2011-10-11 00:00,1531,4.297661,0.080737
2011-10-11 01:00,1498,4.205339,0.083324
2011-10-11 02:00,1611,4.292892,0.080139
2011-10-11 03:00,1395,4.166234,0.077172
2011-10-11 04:00,1159,4.023009,0.076799
2011-10-11 05:00,955,3.802510,0.084832
2011-10-11 06:00,1333,3.480628,0.106563
2011-10-11 07:00,1017,3.852600,0.069182
2011-10-11 08:00,736,4.003895,0.067444
2011-10-11 09:00,638,4.109809,0.058813
2011-10-11 10:00,712,4.114622,0.057622
2011-10-11 11:00,847,4.262192,0.052462
2011-10-11 12:00,1169,4.164923,0.063833
2011-10-11 13:00,1434,4.237541,0.061221
2011-10-11 14:00,1720,4.190199,0.067392
2011-10-11 15:00,1670,4.117238,0.071047
2011-10-11 16:00,3010,5.066657,0.035482
2011-10-11 17:00,3158,5.179635,0.032629
2011-10-11 18:00,2900,5.171561,0.032632
2011-10-11 19:00,2573,5.089647,0.033528
2011-10-11 20:00,2729,5.071538,0.035202
2011-10-11 21:00,2393,5.138921,0.032189
2011-10-11 22:00,2633,5.206886,0.028938
2011-10-11 23:00,2718,5.281142,0.028875
2011-10-12 00:00,2617,4.814155,0.036745
2011-10-12 01:00,2692,4.823303,0.033297
2011-10-12 02:00,2218,4.995574,0.030783
2011-10-12 03:00,2137,5.123891,0.029625
2011-10-12 04:00,1846,5.140965,0.029577
2011-10-12 05:00,1250,4.936210,0.034189
2011-10-12 06:00,937,4.901161,0.032489
2011-10-12 07:00,1013,5.079940,0.027000
2011-10-12 08:00,853,5.118527,0.025128
2011-10-12 09:00,998,5.168900,0.021913
2011-10-12 10:00,936,4.992937,0.026486
2011-10-12 11:00,1286,5.142270,0.025712
2011-10-12 12:00,1670,5.246606,0.028172
2011-10-12 13:00,2005,5.151422,0.025877
2011-10-12 14:00,2540,5.270345,0.028353
2011-10-12 15:00,2868,5.253102,0.028972
2011-10-12 16:00,2706,5.226190,0.029963
2011-10-12 17:00,2751,5.322408,0.029730
2011-10-12 18:00,2650,5.389832,0.026151
2011-10-12 19:00,2466,5.226143,0.030762
2011-10-12 20:00,2594,5.224479,0.029943
2011-10-12 21:00,2398,5.204901,0.031877
2011-10-12 22:00,2402,5.151737,0.031535
2011-10-12 23:00,2396,5.131375,0.032651
2011-10-13 00:00,2133,5.057013,0.032642
2011-10-13 01:00,2222,5.130647,0.030195
2011-10-13 02:00,2088,5.110243,0.031691
2011-10-13 03:00,2040,5.094168,0.031313
2011-10-13 04:00,1634,4.945531,0.035111
2011-10-13 05:00,1484,4.998493,0.034593
2011-10-13 06:00,1196,5.064538,0.029296
2011-10-13 07:00,965,5.040354,0.027123
2011-10-13 08:00,885,5.108941,0.023283
2011-10-13 09:00,879,5.034501,0.024532
2011-10-13 10:00,1177,4.977575,0.026599
2011-10-13 11:00,1441,5.108055,0.026383
2011-10-13 12:00,1701,5.060180,0.031429
2011-10-13 13:00,2217,5.050102,0.033171
2011-10-13 14:00,2430,5.137630,0.032679
2011-10-13 15:00,2515,5.096435,0.033990
2011-10-13 16:00,2704,5.094128,0.035568
2011-10-13 17:00,3126,5.191303,0.033279
2011-10-13 18:00,2771,4.796019,0.046221
2011-10-13 19:00,1145,4.511853,0.048463
2011-10-13 20:00,2074,4.677862,0.045787
2011-10-13 21:00,2740,4.631959,0.047980
2011-10-13 22:00,2609,4.732311,0.047690
2011-10-13 23:00,2136,4.673509,0.049789
2011-10-14 00:00,2703,4.716705,0.051878
2011-10-14 01:00,2352,4.601070,0.051824
2011-10-14 02:00,2399,4.643174,0.050905
2011-10-14 03:00,2394,4.655055,0.054658
2011-10-14 04:00,1984,4.461952,0.058423
2011-10-14 05:00,1857,4.639637,0.051370
2011-10-14 06:00,1538,4.541032,0.046830
2011-10-14 07:00,1287,4.847825,0.036804
2011-10-14 08:00,1245,4.888100,0.033436
2011-10-14 09:00,1452,4.643712,0.040483
2011-10-14 10:00,1842,4.199884,0.073772
2011-10-14 11:00,2022,4.303777,0.067463
2011-10-14 12:00,2038,4.228519,0.075111
2011-10-14 13:00,2566,4.787081,0.048004
2011-10-14 14:00,2960,5.001043,0.041495
2011-10-14 15:00,3117,5.087983,0.037301
2011-10-14 16:00,3297,5.158845,0.035885
2011-10-14 17:00,3202,5.229752,0.033000
2011-10-14 18:00,3250,5.213987,0.035540
2011-10-14 19:00,3053,5.163549,0.034500
2011-10-14 20:00,3030,5.253261,0.028420
2011-10-14 21:00,2961,5.335736,0.028239
2011-10-14 22:00,2791,5.256933,0.029783
2011-10-14 23:00,2733,5.313580,0.028055
2011-10-15 00:00,2547,5.147735,0.035130
2011-10-15 01:00,2399,5.136505,0.036121
2011-10-15 02:00,2364,5.104625,0.039328
2011-10-15 03:00,2015,5.052624,0.038130
2011-10-15 04:00,1898,5.087246,0.032492
2011-10-15 05:00,1510,5.075163,0.033171
2011-10-15 06:00,1432,5.164115,0.028522
2011-10-15 07:00,1552,5.128523,0.028152
2011-10-15 08:00,1606,5.144281,0.029649
2011-10-15 09:00,1743,5.074099,0.035088
2011-10-15 10:00,1801,5.095127,0.032638
2011-10-15 11:00,2272,5.174758,0.027701
2011-10-15 12:00,2604,5.184849,0.026702
2011-10-15 13:00,3154,5.211620,0.026479
2011-10-15 14:00,3621,5.277439,0.027262
2011-10-15 15:00,3947,5.211513,0.029612
2011-10-15 16:00,4248,5.197145,0.032227
2011-10-15 17:00,4289,5.290362,0.032561
2011-10-15 18:00,4249,5.291924,0.032701
2011-10-15 19:00,3274,5.197936,0.034436
2011-10-15 20:00,4092,5.258167,0.032797
2011-10-15 21:00,4053,5.027310,0.041025
2011-10-15 22:00,3786,4.736208,0.051741
2011-10-15 23:00,3653,4.542423,0.062761
2011-10-16 00:00,3376,4.538196,0.065390
2011-10-16 01:00,3310,4.818894,0.055274
2011-10-16 02:00,2867,4.931426,0.047202
2011-10-16 03:00,2774,4.756712,0.057040
2011-10-16 04:00,2592,4.506589,0.071305
2011-10-16 05:00,2200,4.722375,0.055513
2011-10-16 06:00,1769,4.774084,0.043106
2011-10-16 07:00,1698,5.023884,0.033700
2011-10-16 08:00,1600,5.173109,0.029496
2011-10-16 09:00,1574,5.065449,0.032650
2011-10-16 10:00,1562,5.090779,0.030983
2011-10-16 11:00,1829,5.189743,0.028506
2011-10-16 12:00,2162,5.178546,0.032539
2011-10-16 13:00,2389,5.128060,0.033468
2011-10-16 14:00,2781,5.177537,0.034475
2011-10-16 15:00,2912,5.128188,0.038043
2011-10-16 16:00,2902,5.040003,0.037012
2011-10-16 17:00,2912,5.207752,0.036213
2011-10-16 18:00,2888,5.108262,0.044630
2011-10-16 19:00,2796,4.968106,0.048833
2011-10-16 20:00,2645,5.071022,0.039067
2011-10-16 21:00,2679,5.104515,0.041115
2011-10-16 22:00,2441,5.072494,0.038975
2011-10-16 23:00,2300,4.990303,0.046578
2011-10-17 00:00,2099,4.839724,0.052415
2011-10-17 01:00,1858,4.811876,0.050129
2011-10-17 02:00,2189,4.884328,0.044790
2011-10-17 03:00,2021,4.734356,0.047158
2011-10-17 04:00,1796,4.869309,0.045427
2011-10-17 05:00,1508,4.835473,0.045266
2011-10-17 06:00,1466,4.841889,0.036706
2011-10-17 07:00,1555,4.925710,0.032994
2011-10-17 08:00,1376,5.024485,0.029538
2011-10-17 09:00,943,5.199557,0.023963
2011-10-17 10:00,1155,5.112629,0.026916
2011-10-17 11:00,1624,4.708489,0.037754
2011-10-17 12:00,2094,5.041090,0.038492
2011-10-17 13:00,2319,5.050572,0.038708
2011-10-17 14:00,2641,5.018747,0.041926
2011-10-17 15:00,2836,5.063159,0.040238
2011-10-17 16:00,3080,5.178723,0.038312
2011-10-17 17:00,3106,5.126395,0.039339
2011-10-17 18:00,2861,5.013883,0.041862
2011-10-17 19:00,2929,4.795997,0.049190
2011-10-17 20:00,2962,5.146328,0.038334
2011-10-17 21:00,3019,5.124237,0.037727
2011-10-17 22:00,2792,5.113733,0.036220
2011-10-17 23:00,2636,5.079176,0.038581
2011-10-18 00:00,2583,5.050350,0.039862
2011-10-18 01:00,2497,4.980317,0.042261
2011-10-18 02:00,2598,5.006216,0.040773
2011-10-18 03:00,2281,4.800372,0.048109
2011-10-18 04:00,2087,4.763963,0.052062
2011-10-18 05:00,1612,4.885285,0.042688
2011-10-18 06:00,1308,4.924155,0.039270
2011-10-18 07:00,1246,5.080679,0.031761
2011-10-18 08:00,1107,5.143310,0.028040
2011-10-18 09:00,1002,5.273439,0.022314
2011-10-18 10:00,1375,5.299816,0.023268
2011-10-18 11:00,1666,5.240657,0.030584
2011-10-18 12:00,2016,5.120626,0.034680
2011-10-18 13:00,2346,5.088923,0.037195
2011-10-18 14:00,2726,5.133885,0.036392
2011-10-18 15:00,2796,5.151543,0.035795
2011-10-18 16:00,3044,5.193544,0.036827
2011-10-18 17:00,3129,5.225938,0.035151
2011-10-18 18:00,2871,5.215415,0.035756
2011-10-18 19:00,2833,5.033184,0.039772
2011-10-18 20:00,2762,5.148115,0.039399
2011-10-18 21:00,2633,5.086676,0.039771
2011-10-18 22:00,2808,5.176923,0.035211
2011-10-18 23:00,2845,5.171554,0.033288
2011-10-19 00:00,2799,4.633696,0.037461
2011-10-19 01:00,2950,4.417985,0.042678
2011-10-19 02:00,2409,4.876688,0.035093
2011-10-19 03:00,2233,5.006130,0.035493
2011-10-19 04:00,1733,4.899128,0.039300
2011-10-19 05:00,1619,5.059996,0.034267
2011-10-19 06:00,1268,5.050701,0.031313
2011-10-19 07:00,1191,5.043980,0.029610
2011-10-19 08:00,791,5.101944,0.023729
2011-10-19 09:00,937,5.230824,0.020663
2011-10-19 10:00,1059,5.189732,0.024248
2011-10-19 11:00,1534,5.248517,0.025593
2011-10-19 12:00,1893,5.234399,0.030374
2011-10-19 13:00,2298,5.157047,0.036674
2011-10-19 14:00,2453,5.183411,0.034419
2011-10-19 15:00,2745,5.301781,0.031304
2011-10-19 16:00,2803,5.250572,0.036024
2011-10-19 17:00,2743,5.181951,0.037473
2011-10-19 18:00,2548,5.127591,0.037317
2011-10-19 19:00,2645,4.935834,0.038538
2011-10-19 20:00,2546,5.125600,0.036823
2011-10-19 21:00,2419,5.141764,0.035209
2011-10-19 22:00,2579,5.226385,0.035431
2011-10-19 23:00,2222,5.037587,0.037092
2011-10-20 00:00,2116,4.987750,0.037168
2011-10-20 01:00,2169,5.052034,0.036917
2011-10-20 02:00,2156,4.980218,0.037592
2011-10-20 03:00,1952,4.898564,0.038566
2011-10-20 04:00,1704,4.825038,0.044543
2011-10-20 05:00,1375,4.813090,0.043414
2011-10-20 06:00,1150,4.891588,0.036072
2011-10-20 07:00,1145,5.077963,0.031872
2011-10-20 08:00,1081,5.343472,0.021473
2011-10-20 09:00,869,5.046678,0.025347
2011-10-20 10:00,999,5.209886,0.023025
2011-10-20 11:00,1298,5.177669,0.026335
2011-10-20 12:00,1729,5.056804,0.032296
2011-10-20 13:00,2065,5.304805,0.026629
2011-10-20 14:00,2193,5.257776,0.026866
2011-10-20 15:00,2532,5.277358,0.030773
2011-10-20 16:00,2394,5.229496,0.032712
2011-10-20 17:00,2711,5.343385,0.030197
2011-10-20 18:00,2672,5.303400,0.031397
2011-10-20 19:00,2281,5.238844,0.033090
2011-10-20 20:00,2592,5.214462,0.033679
2011-10-20 21:00,2145,5.244128,0.031005
2011-10-20 22:00,2280,5.142894,0.033457
2011-10-20 23:00,2253,5.104225,0.033899
2011-10-21 00:00,2168,5.104166,0.034360
2011-10-21 01:00,2005,5.017698,0.034860
2011-10-21 02:00,2047,4.997693,0.034490
2011-10-21 03:00,1930,4.944040,0.036065
2011-10-21 04:00,1817,5.086373,0.033253
2011-10-21 05:00,1440,5.078441,0.031171
2011-10-21 06:00,1210,5.106367,0.029663
2011-10-21 07:00,910,5.102372,0.026209
2011-10-21 08:00,876,5.018969,0.028492
2011-10-21 09:00,936,5.024619,0.026927
2011-10-21 10:00,951,5.184825,0.022618
2011-10-21 11:00,1262,5.146412,0.027555
2011-10-21 12:00,1709,5.276080,0.028755
2011-10-21 13:00,2004,5.193080,0.032742
2011-10-21 14:00,2311,5.077701,0.035596
2011-10-21 15:00,2376,5.226565,0.031392
2011-10-21 16:00,2598,5.282790,0.032430
2011-10-21 17:00,2702,5.339584,0.030085
2011-10-21 18:00,2561,5.143846,0.038449
2011-10-21 19:00,2453,5.177205,0.034419
2011-10-21 20:00,2420,5.026489,0.033914
2011-10-21 21:00,2451,5.321056,0.028309
2011-10-21 22:00,2326,5.200756,0.032104
2011-10-21 23:00,2129,5.122512,0.031815
2011-10-22 00:00,1850,4.988345,0.035780
2011-10-22 01:00,1795,4.917256,0.039929
2011-10-22 02:00,1940,5.008029,0.036171
2011-10-22 03:00,1795,5.034883,0.036798
2011-10-22 04:00,1639,4.837139,0.047568
2011-10-22 05:00,1290,4.761857,0.048598
2011-10-22 06:00,1038,4.833629,0.040450
2011-10-22 07:00,1043,4.995364,0.034845
2011-10-22 08:00,767,5.054251,0.025947
2011-10-22 09:00,609,5.071337,0.021945
2011-10-22 10:00,978,5.221044,0.023511
2011-10-22 11:00,997,5.113593,0.025469
2011-10-22 12:00,1304,5.105394,0.030510
2011-10-22 13:00,1500,5.147473,0.029595
2011-10-22 14:00,1907,5.234907,0.028676
2011-10-22 15:00,2210,5.257236,0.029075
2011-10-22 16:00,2203,5.110428,0.037755
2011-10-22 17:00,2079,5.116205,0.036980
2011-10-22 18:00,2047,5.115121,0.037848
2011-10-22 19:00,2059,5.237093,0.032342
2011-10-22 20:00,1952,5.173415,0.033599
2011-10-22 21:00,1941,5.191209,0.030298
2011-10-22 22:00,1917,5.162977,0.032646
2011-10-22 23:00,1833,5.057414,0.035555
2011-10-23 00:00,1949,5.183318,0.030791
2011-10-23 01:00,1640,4.946179,0.036963
2011-10-23 02:00,1816,5.029584,0.038381
2011-10-23 03:00,1645,5.055968,0.035350
2011-10-23 04:00,1312,4.952351,0.032501
2011-10-23 05:00,1390,4.928586,0.031530
2011-10-23 06:00,1199,4.814653,0.034697
2011-10-23 07:00,906,4.978656,0.029761
2011-10-23 08:00,356,4.748730,0.027189
2011-10-23 09:00,675,5.138057,0.021477
2011-10-23 10:00,619,5.060968,0.020887
2011-10-23 11:00,981,5.231372,0.022355
2011-10-23 12:00,1047,5.122546,0.027882
2011-10-23 13:00,1530,5.188984,0.030327
2011-10-23 14:00,1675,5.104652,0.033200
2011-10-23 15:00,1943,5.200794,0.033432
2011-10-23 16:00,2061,5.186785,0.032147
2011-10-23 17:00,2105,5.242636,0.033001
2011-10-23 18:00,1127,5.033745,0.033035
2011-10-23 20:00,1207,5.012574,0.030793
2011-10-23 21:00,1898,5.186729,0.032333
2011-10-23 22:00,1789,5.140190,0.032642
2011-10-23 23:00,1727,5.084080,0.035091
2011-10-24 00:00,1844,5.108106,0.035959
2011-10-24 01:00,1770,5.031965,0.036717
2011-10-24 02:00,1645,4.980097,0.037167
2011-10-24 03:00,1571,5.147637,0.031791
2011-10-24 04:00,1451,5.005595,0.035352
2011-10-24 05:00,1197,5.062601,0.032098
2011-10-24 06:00,802,5.039524,0.027328
2011-10-24 07:00,851,5.009052,0.030484
2011-10-24 08:00,598,5.147036,0.019267
2011-10-24 09:00,638,5.151654,0.019976
2011-10-24 10:00,690,4.986077,0.023480
2011-10-24 11:00,1035,5.164967,0.023738
2011-10-24 12:00,1371,5.210322,0.023710
2011-10-24 13:00,1802,5.195263,0.029423
2011-10-24 14:00,2065,5.257368,0.029554
2011-10-24 15:00,2260,5.219482,0.033118
2011-10-24 16:00,2441,5.165461,0.035429
2011-10-24 17:00,2398,5.265853,0.030783
2011-10-24 18:00,2381,5.184686,0.034088
2011-10-24 19:00,2414,5.104071,0.034925
2011-10-24 20:00,2412,5.183575,0.033801
2011-10-24 21:00,2407,5.142019,0.033071
2011-10-24 22:00,2159,5.097019,0.033779
2011-10-24 23:00,2208,5.120162,0.034827
2011-10-25 00:00,2033,5.084601,0.035674
2011-10-25 01:00,2077,5.067533,0.035195
2011-10-25 02:00,1968,5.133571,0.031660
2011-10-25 03:00,1740,5.084120,0.033613
2011-10-25 04:00,1574,5.109804,0.034093
2011-10-25 05:00,1293,5.106357,0.030862
2011-10-25 06:00,1126,5.099416,0.030001
2011-10-25 07:00,808,5.005380,0.030609
2011-10-25 08:00,922,5.114543,0.026977
2011-10-25 09:00,539,4.789616,0.027186
2011-10-25 10:00,931,5.054680,0.027069
2011-10-25 11:00,1076,5.058045,0.028381
2011-10-25 12:00,1567,4.914997,0.032410
2011-10-25 13:00,1997,5.045313,0.030207
2011-10-25 14:00,2323,5.120552,0.032992
2011-10-25 15:00,2464,5.042026,0.034376
2011-10-25 16:00,2366,5.043434,0.034448
2011-10-25 17:00,2472,5.101594,0.036870
2011-10-25 18:00,2395,5.141546,0.033392
2011-10-25 19:00,2346,5.146638,0.033214
2011-10-25 20:00,2256,5.184254,0.032556
2011-10-25 21:00,2349,5.089985,0.032841
2011-10-25 22:00,2322,5.279106,0.030857
2011-10-25 23:00,2143,5.178008,0.031077
2011-10-26 00:00,2156,5.128547,0.033859
2011-10-26 01:00,2156,4.674990,0.045085
2011-10-26 02:00,2056,4.399663,0.057922
2011-10-26 03:00,2301,4.234859,0.069428
2011-10-26 04:00,2123,4.256395,0.061668
2011-10-26 05:00,1931,4.450806,0.056032
2011-10-26 06:00,1602,4.381561,0.055632
2011-10-26 07:00,1484,4.725810,0.043951
2011-10-26 08:00,1126,4.789228,0.036309
2011-10-26 09:00,902,4.738890,0.034306
2011-10-26 10:00,1114,4.839673,0.032262
2011-10-26 11:00,1442,4.965089,0.032913
2011-10-26 12:00,1867,5.000724,0.033900
2011-10-26 13:00,2282,5.085158,0.032148
2011-10-26 14:00,2514,5.123071,0.033888
2011-10-26 15:00,2632,5.107629,0.036168
2011-10-26 16:00,2730,5.016434,0.040728
2011-10-26 17:00,2890,5.154337,0.036429
2011-10-26 18:00,2686,5.074210,0.038636
2011-10-26 19:00,2774,5.055066,0.038757
2011-10-26 20:00,2797,4.994862,0.041903
2011-10-26 21:00,2625,5.093500,0.037418
2011-10-26 22:00,2543,4.937081,0.036541
2011-10-26 23:00,2414,5.017392,0.036626
2011-10-27 00:00,2461,4.938111,0.041116
2011-10-27 01:00,2510,4.616873,0.052829
2011-10-27 02:00,2687,4.291253,0.068360
2011-10-27 03:00,2499,4.399805,0.063819
2011-10-27 04:00,2288,4.540578,0.049297
2011-10-27 05:00,1961,4.403180,0.048335
2011-10-27 06:00,1542,4.394075,0.045126
2011-10-27 07:00,1406,4.542601,0.045074
2011-10-27 08:00,1112,4.661144,0.037719
2011-10-27 09:00,1148,4.774247,0.036304
2011-10-27 10:00,1036,4.881976,0.030818
2011-10-27 11:00,1377,5.091498,0.028791
2011-10-27 12:00,1781,4.914593,0.039694
2011-10-27 13:00,2194,4.982303,0.040462
2011-10-27 14:00,2443,5.116769,0.037644
2011-10-27 15:00,2526,5.038308,0.039464
2011-10-27 16:00,2441,5.134014,0.038454
2011-10-27 17:00,2652,5.228950,0.035106
2011-10-27 18:00,2504,5.035774,0.038664
2011-10-27 19:00,2290,5.034638,0.035542
2011-10-27 20:00,2422,4.925162,0.036955
2011-10-27 21:00,2376,5.172332,0.033485
2011-10-27 22:00,2339,5.203676,0.033773
2011-10-27 23:00,2226,5.044380,0.040061
2011-10-28 00:00,2293,5.033769,0.037509
2011-10-28 01:00,2305,5.030355,0.039774
2011-10-28 02:00,1998,4.965455,0.036786
2011-10-28 03:00,1947,4.976163,0.036777
2011-10-28 04:00,1444,4.835049,0.039951
2011-10-28 05:00,1419,4.997110,0.037285
2011-10-28 06:00,1308,5.071218,0.032504
2011-10-28 07:00,1103,5.095805,0.028629
2011-10-28 08:00,1057,4.999202,0.029639
2011-10-28 09:00,932,5.069224,0.028493
2011-10-28 10:00,1158,5.048792,0.027073
2011-10-28 11:00,1286,5.253832,0.024676
2011-10-28 12:00,1571,5.178031,0.031566
2011-10-28 13:00,2056,4.929900,0.039847
2011-10-28 14:00,2152,5.041944,0.039440
2011-10-28 15:00,2658,5.308657,0.033892
2011-10-28 16:00,2761,5.341477,0.032077
2011-10-28 17:00,2576,5.278763,0.032104
2011-10-28 18:00,2481,5.257746,0.034387
2011-10-28 19:00,2355,5.106324,0.039910
2011-10-28 20:00,2269,5.083558,0.038775
2011-10-28 21:00,2162,4.967829,0.039175
2011-10-28 22:00,2318,5.168818,0.034621
2011-10-28 23:00,2284,5.216345,0.032513
2011-10-29 00:00,2031,5.094981,0.036826
2011-10-29 01:00,1966,5.104671,0.034979
2011-10-29 02:00,1831,4.987366,0.040393
2011-10-29 03:00,1792,4.953216,0.042607
2011-10-29 04:00,1505,4.883855,0.042110
2011-10-29 05:00,1389,4.976832,0.038658
2011-10-29 06:00,1154,4.954192,0.036855
2011-10-29 07:00,812,4.995589,0.032438
2011-10-29 08:00,875,5.102314,0.026666
2011-10-29 09:00,1167,5.397793,0.023390
2011-10-29 10:00,684,5.137295,0.022163
2011-10-29 11:00,1269,5.338308,0.025598
2011-10-29 12:00,1613,5.348072,0.028803
2011-10-29 13:00,1492,4.959034,0.038226
2011-10-29 14:00,1783,5.006521,0.037508
2011-10-29 15:00,2168,5.250626,0.035812
2011-10-29 16:00,2104,5.139976,0.037819
2011-10-29 17:00,1957,5.107797,0.036834
2011-10-29 18:00,1948,5.050531,0.036758
2011-10-29 19:00,1980,5.108335,0.035265
2011-10-29 20:00,1880,4.987646,0.036992
2011-10-29 21:00,1850,4.959703,0.038728
2011-10-29 22:00,1925,4.745149,0.039251
2011-10-29 23:00,1854,4.983540,0.033915
2011-10-30 00:00,1909,4.684607,0.045638
2011-10-30 01:00,1724,4.683775,0.043327
2011-10-30 02:00,1706,4.806918,0.041320
2011-10-30 03:00,1604,4.839332,0.039629
2011-10-30 04:00,1463,4.856771,0.039044
2011-10-30 05:00,1268,4.738324,0.042446
2011-10-30 06:00,1003,4.701514,0.040609
2011-10-30 07:00,997,4.893450,0.032358
2011-10-30 08:00,861,4.811549,0.033275
2011-10-30 09:00,719,4.793251,0.030578
2011-10-30 10:00,805,5.042735,0.024239
2011-10-30 11:00,963,5.136695,0.025790
2011-10-30 12:00,1297,5.220763,0.026045
2011-10-30 13:00,1277,5.197325,0.027741
2011-10-30 14:00,1696,5.317821,0.028878
2011-10-30 15:00,1873,5.106973,0.037032
2011-10-30 16:00,1957,5.116020,0.036209
2011-10-30 17:00,1798,5.201841,0.032824
2011-10-30 18:00,1915,5.058712,0.038224
2011-10-30 19:00,2015,5.204117,0.036110
2011-10-30 20:00,1832,5.196678,0.033004
2011-10-30 21:00,1847,5.229471,0.031347
2011-10-30 22:00,1813,5.131111,0.034473
2011-10-30 23:00,1720,5.029739,0.038061
2011-10-31 00:00,1762,5.111958,0.033108
2011-10-31 01:00,1640,5.015972,0.034421
2011-10-31 02:00,1628,5.023708,0.034841
2011-10-31 03:00,1496,4.944209,0.032777
2011-10-31 04:00,1334,4.992865,0.031458
2011-10-31 05:00,1244,5.025762,0.029529
2011-10-31 06:00,946,4.979743,0.029754
2011-10-31 07:00,818,5.104551,0.023981
2011-10-31 08:00,914,5.179388,0.024373
2011-10-31 09:00,874,5.071291,0.024378
2011-10-31 10:00,951,5.200999,0.023969
2011-10-31 11:00,971,5.008736,0.029396
2011-10-31 12:00,1269,5.144341,0.028396
2011-10-31 13:00,1609,5.225759,0.030549
2011-10-31 14:00,2036,5.151123,0.031199
2011-10-31 15:00,2352,5.255953,0.031433
2011-10-31 16:00,2385,5.387925,0.029710
2011-10-31 17:00,2430,5.397021,0.027972
2011-10-31 18:00,2418,5.329144,0.028346
2011-10-31 19:00,2179,5.094048,0.034845
2011-10-31 20:00,2071,5.269237,0.030690
2011-10-31 21:00,2106,5.182214,0.033050
2011-10-31 22:00,1852,5.177581,0.029982
2011-10-31 23:00,1830,5.211240,0.029823
2011-11-01 00:00,1804,5.214732,0.030094
2011-11-01 01:00,1519,4.988621,0.034634
2011-11-01 02:00,1639,4.979477,0.035115
2011-11-01 03:00,1778,5.069935,0.032747
2011-11-01 04:00,1967,5.421873,0.026217
2011-11-01 05:00,1827,5.629527,0.022230
2011-11-01 06:00,1462,5.531508,0.021699
2011-11-01 07:00,808,5.025322,0.027487
2011-11-01 08:00,636,5.070720,0.023851
2011-11-01 09:00,602,4.935969,0.025843
2011-11-01 10:00,1178,5.425844,0.020658
2011-11-01 11:00,1220,5.395821,0.022527
2011-11-01 12:00,1521,5.230625,0.029078
2011-11-01 13:00,1798,5.265626,0.031710
2011-11-01 14:00,2094,5.258103,0.033326
2011-11-01 15:00,2368,5.175615,0.031714
2011-11-01 16:00,2441,5.275456,0.033318
2011-11-01 17:00,2597,5.356099,0.034575
2011-11-01 18:00,2597,5.378392,0.030825
2011-11-01 19:00,2193,5.214474,0.033370
2011-11-01 20:00,2324,5.125874,0.038251
2011-11-01 21:00,2440,5.283253,0.033780
2011-11-01 22:00,2412,5.464553,0.026345
2011-11-01 23:00,2322,5.355316,0.028688
2011-11-02 00:00,2221,5.262659,0.031080
2011-11-02 01:00,2138,5.215941,0.032214
2011-11-02 02:00,2122,5.214419,0.030991
2011-11-02 03:00,1688,5.172689,0.029164
2011-11-02 04:00,1644,5.141289,0.028132
2011-11-02 05:00,683,4.698543,0.028051
2011-11-02 16:00,3,1.098612,0.000000
2011-11-02 20:00,2514,5.215271,0.029912
2011-11-02 21:00,2692,5.378671,0.025998
2011-11-02 22:00,2699,5.115557,0.029438
2011-11-02 23:00,2532,5.236039,0.029743
2011-11-03 00:00,2235,4.973758,0.034162
2011-11-03 01:00,2255,4.788639,0.040478
2011-11-03 02:00,2219,4.872457,0.038827
2011-11-03 03:00,1899,4.738757,0.042349
2011-11-03 04:00,1759,4.832284,0.039566
2011-11-03 05:00,1398,4.833754,0.037652
2011-11-03 06:00,1186,4.638628,0.041045
2011-11-03 07:00,1223,4.179929,0.054509
2011-11-03 08:00,998,4.141943,0.050386
2011-11-03 09:00,1164,4.850473,0.030959
2011-11-03 10:00,1163,4.929065,0.029647
2011-11-03 11:00,1381,5.093373,0.027657
2011-11-03 12:00,1499,5.020804,0.033189
2011-11-03 13:00,1855,5.085359,0.033813
2011-11-03 14:00,2538,5.171334,0.036531
2011-11-03 15:00,2766,5.373433,0.030592
2011-11-03 16:00,2854,5.339114,0.032239
2011-11-03 17:00,2696,5.187604,0.034320
2011-11-03 18:00,2719,5.280819,0.032803
2011-11-03 19:00,2749,5.376077,0.029674
2011-11-03 20:00,2690,5.469769,0.026564
2011-11-03 21:00,2357,5.433283,0.026835
2011-11-03 22:00,2874,5.480290,0.025888
2011-11-03 23:00,2822,5.579369,0.024105
2011-11-04 00:00,2369,5.200740,0.030947
2011-11-04 01:00,2078,5.055732,0.032630
2011-11-04 02:00,2127,5.036520,0.035351
2011-11-04 03:00,1934,5.058529,0.031747
2011-11-04 04:00,1660,5.091807,0.029272
2011-11-04 05:00,1391,5.013117,0.028930
2011-11-04 06:00,1133,5.114670,0.025456
2011-11-04 07:00,1056,5.111445,0.025330
2011-11-04 08:00,950,5.139793,0.022678
2011-11-04 09:00,848,5.087058,0.022662
2011-11-04 10:00,1077,5.283721,0.021425
2011-11-04 11:00,1251,5.277580,0.022395
2011-11-04 12:00,1550,5.213224,0.026964
2011-11-04 13:00,1967,5.292513,0.029467
2011-11-04 14:00,2228,5.337354,0.027748
2011-11-04 15:00,2357,5.105083,0.031687
2011-11-04 16:00,2323,5.277323,0.029636
2011-11-04 17:00,2436,5.386634,0.026881
2011-11-04 18:00,2330,5.320325,0.028745
2011-11-04 19:00,2368,5.274131,0.028391
2011-11-04 20:00,2299,5.000290,0.036952
2011-11-04 21:00,2201,5.216342,0.027596
2011-11-04 22:00,2171,5.279373,0.026167
2011-11-04 23:00,2176,5.279973,0.027177
2011-11-05 00:00,1944,5.204957,0.027865
2011-11-05 01:00,1967,5.228055,0.028226
2011-11-05 02:00,1846,4.889434,0.031715
2011-11-05 03:00,1840,5.079662,0.027875
2011-11-05 04:00,2130,5.457933,0.022891
2011-11-05 05:00,1766,5.477003,0.022457
2011-11-05 06:00,1121,4.864578,0.028053
2011-11-05 07:00,1101,5.181238,0.021963
2011-11-05 08:00,969,5.171474,0.020387
2011-11-05 09:00,946,5.152253,0.021037
2011-11-05 10:00,936,5.055103,0.022670
2011-11-05 11:00,1041,4.945473,0.027366
2011-11-05 12:00,1457,5.147328,0.024201
2011-11-05 13:00,1792,5.252359,0.028226
2011-11-05 14:00,2072,5.299743,0.027956
2011-11-05 15:00,2199,5.276473,0.027490
2011-11-05 16:00,2327,5.304043,0.028053
2011-11-05 17:00,2323,5.313247,0.027560
2011-11-05 18:00,2111,5.248184,0.029915
2011-11-05 19:00,2010,5.017574,0.036399
2011-11-05 20:00,2025,5.131720,0.033419
2011-11-05 21:00,1953,5.174210,0.032436
2011-11-05 22:00,2063,5.225473,0.028445
2011-11-05 23:00,2061,5.283490,0.027660
2011-11-06 00:00,1915,5.135177,0.028598
2011-11-06 01:00,1932,5.102340,0.027855
2011-11-06 02:00,1714,5.011014,0.033100
2011-11-06 03:00,1601,4.858378,0.037570
2011-11-06 04:00,1528,4.964962,0.035767
2011-11-06 05:00,1189,4.796073,0.041002
2011-11-06 06:00,972,4.743496,0.037313
2011-11-06 07:00,912,4.924934,0.030341
2011-11-06 08:00,794,4.861114,0.032750
2011-11-06 09:00,753,4.964096,0.024934
2011-11-06 10:00,876,5.209965,0.021838
2011-11-06 11:00,769,5.036478,0.024560
2011-11-06 12:00,1039,5.021280,0.029577
2011-11-06 13:00,1427,5.195071,0.028914
2011-11-06 14:00,1780,5.166372,0.030865
2011-11-06 15:00,1833,5.275988,0.029638
2011-11-06 16:00,1935,5.190422,0.033526
2011-11-06 17:00,1937,5.248786,0.030786
2011-11-06 18:00,2147,5.427049,0.026859
2011-11-06 19:00,2201,5.485319,0.022672
2011-11-06 20:00,2049,5.522177,0.023022
2011-11-06 21:00,2049,5.309594,0.030337
2011-11-06 22:00,1879,5.255856,0.030340
2011-11-06 23:00,1920,5.311321,0.028667
2011-11-07 00:00,1853,5.207399,0.028348
2011-11-07 01:00,1804,5.128045,0.033138
2011-11-07 02:00,1739,4.998745,0.035809
2011-11-07 03:00,1590,5.039992,0.031491
2011-11-07 04:00,1604,5.095608,0.030928
2011-11-07 05:00,1490,5.415507,0.024115
2011-11-07 06:00,1250,5.332944,0.025186
2011-11-07 07:00,988,5.150712,0.027048
2011-11-07 08:00,830,5.140328,0.022623
2011-11-07 09:00,770,5.077347,0.023354
2011-11-07 10:00,834,5.173613,0.021910
2011-11-07 11:00,1196,5.484999,0.018717
2011-11-07 12:00,1348,5.506553,0.021181
2011-11-07 13:00,1834,5.619570,0.020829
2011-11-07 14:00,2056,5.520120,0.022454
2011-11-07 15:00,2091,5.278963,0.030239
2011-11-07 16:00,2332,5.312172,0.029873
2011-11-07 17:00,2410,5.229693,0.034815
2011-11-07 18:00,2486,5.452507,0.027315
2011-11-07 19:00,2298,5.348596,0.028475
2011-11-07 20:00,2543,5.351632,0.029363
2011-11-07 21:00,2292,5.355586,0.029193
2011-11-07 22:00,2082,5.345361,0.027483
2011-11-07 23:00,2038,5.281681,0.028075
2011-11-08 00:00,2206,5.482056,0.025056
2011-11-08 01:00,2183,5.245363,0.033873
2011-11-08 02:00,1955,5.157871,0.034467
2011-11-08 03:00,1871,5.120059,0.033877
2011-11-08 04:00,1617,5.115059,0.030266
2011-11-08 05:00,1317,4.997973,0.031980
2011-11-08 06:00,1333,5.273391,0.024451
2011-11-08 07:00,1221,5.429400,0.018986
2011-11-08 08:00,1058,5.240434,0.024122
2011-11-08 09:00,846,5.160784,0.022183
2011-11-08 10:00,886,5.102114,0.024336
2011-11-08 11:00,1124,5.331112,0.021650
2011-11-08 12:00,1315,5.282115,0.026524
2011-11-08 13:00,1444,5.186662,0.030342
2011-11-08 14:00,2100,5.333394,0.029030
2011-11-08 15:00,2325,5.360204,0.028375
2011-11-08 16:00,2266,5.271976,0.030895
2011-11-08 17:00,2212,5.261437,0.031619
2011-11-08 18:00,2215,5.323395,0.030352
2011-11-08 19:00,2273,5.271911,0.031545
2011-11-08 20:00,2244,5.242073,0.029806
2011-11-08 21:00,2156,5.371458,0.024939
2011-11-08 22:00,2231,5.201073,0.029583
2011-11-08 23:00,2174,5.389724,0.027338
2011-11-09 00:00,964,4.948647,0.025907
2011-11-09 16:00,1762,5.258891,0.030018
2011-11-09 17:00,2263,5.273839,0.030799
2011-11-09 18:00,2243,5.328329,0.029774
2011-11-09 19:00,1933,5.273723,0.030231
2011-11-09 20:00,884,4.977986,0.031869
2011-11-09 21:00,604,4.912363,0.028396
2011-11-09 22:00,2281,5.214584,0.031840
2011-11-09 23:00,2179,5.310859,0.027050
2011-11-10 00:00,2206,5.335050,0.024228
2011-11-10 01:00,2150,4.566222,0.041615
2011-11-10 02:00,2077,4.493871,0.044189
2011-11-10 03:00,1946,5.063327,0.030052
2011-11-10 04:00,1714,5.126467,0.025516
2011-11-10 05:00,1669,5.114362,0.024578
2011-11-10 06:00,1449,4.803323,0.029344
2011-11-10 07:00,1249,4.627366,0.034820
2011-11-10 08:00,1074,4.848125,0.028174
2011-11-10 09:00,945,4.956954,0.025274
2011-11-10 10:00,850,5.104946,0.021857
2011-11-10 11:00,1042,5.227888,0.023615
2011-11-10 12:00,1197,5.202766,0.026131
2011-11-10 13:00,1611,4.941417,0.033049
2011-11-10 14:00,1839,5.170847,0.031523
2011-11-10 15:00,2150,5.299791,0.028466
2011-11-10 16:00,2272,5.324423,0.028096
2011-11-10 17:00,2394,5.177487,0.028781
2011-11-10 18:00,2250,5.346253,0.027995
2011-11-10 19:00,2155,5.263271,0.029485
2011-11-10 20:00,2100,5.135344,0.033072
2011-11-10 21:00,2138,5.242439,0.030590
2011-11-10 22:00,1752,5.134346,0.030528
2011-11-10 23:00,1976,4.933181,0.035520
2011-11-11 00:00,1792,5.194283,0.030696
2011-11-11 01:00,1623,4.653668,0.041796
2011-11-11 02:00,1708,4.830775,0.032823
2011-11-11 03:00,1598,4.894355,0.033629
2011-11-11 04:00,1599,4.878324,0.033517
2011-11-11 05:00,1461,4.914766,0.031532
2011-11-11 06:00,1241,4.925845,0.030063
2011-11-11 07:00,1156,4.996827,0.026314
2011-11-11 08:00,923,5.047383,0.026734
2011-11-11 09:00,773,5.133457,0.022398
2011-11-11 10:00,784,5.035130,0.024937
2011-11-11 11:00,928,5.167719,0.022928
2011-11-11 12:00,1113,5.153474,0.028004
2011-11-11 13:00,1518,5.273863,0.025744
2011-11-11 14:00,1833,5.310144,0.030096
2011-11-11 15:00,2110,5.232899,0.031646
2011-11-11 16:00,2031,5.029194,0.037224
2011-11-11 17:00,2135,5.289819,0.030109
2011-11-11 18:00,2143,5.305013,0.028543
2011-11-11 19:00,2121,5.303349,0.027300
2011-11-11 20:00,2181,5.341756,0.025863
2011-11-11 21:00,2088,5.204833,0.030504
2011-11-11 22:00,1963,5.177579,0.031372
2011-11-11 23:00,1842,5.148633,0.029642
2011-11-12 00:00,1929,5.253951,0.028543
2011-11-12 01:00,1785,5.043880,0.031998
2011-11-12 02:00,1695,5.075311,0.030851
2011-11-12 03:00,1690,5.162284,0.029232
2011-11-12 04:00,1342,5.015849,0.030781
2011-11-12 05:00,1258,5.054523,0.026756
2011-11-12 06:00,1114,5.008718,0.029284
2011-11-12 07:00,912,5.050615,0.024309
2011-11-12 08:00,749,4.929718,0.025140
2011-11-12 09:00,732,5.065859,0.019872
2011-11-12 10:00,688,5.074389,0.020277
2011-11-12 11:00,790,5.183029,0.021859
2011-11-12 12:00,1009,5.304788,0.021510
2011-11-12 13:00,1165,5.109724,0.029798
2011-11-12 14:00,1382,5.054858,0.033855
2011-11-12 15:00,1603,5.112679,0.034564
2011-11-12 16:00,1762,5.297451,0.028554
2011-11-12 17:00,1749,5.217401,0.028378
2011-11-12 18:00,1874,5.186937,0.032964
2011-11-12 19:00,1842,5.177965,0.033234
2011-11-12 20:00,1693,5.193337,0.030137
2011-11-12 21:00,1615,5.079873,0.032145
2011-11-12 22:00,1630,5.146262,0.030943
2011-11-12 23:00,1852,5.302078,0.024593
2011-11-13 00:00,1667,5.077952,0.029039
2011-11-13 01:00,1852,4.945655,0.027347
2011-11-13 02:00,1596,4.927010,0.028392
2011-11-13 03:00,1451,4.923633,0.029480
2011-11-13 04:00,1397,4.950119,0.029909
2011-11-13 05:00,1367,4.994269,0.030028
2011-11-13 06:00,1065,4.686800,0.034432
2011-11-13 07:00,951,4.712633,0.033483
2011-11-13 08:00,923,4.507414,0.039039
2011-11-13 09:00,787,4.752909,0.031113
2011-11-13 10:00,856,4.815792,0.028988
2011-11-13 11:00,775,4.860171,0.026821
2011-11-13 12:00,934,5.064100,0.025371
2011-11-13 13:00,1256,5.179340,0.026722
2011-11-13 14:00,1566,5.194108,0.028599
2011-11-13 15:00,1706,5.224777,0.029659
2011-11-13 16:00,1761,5.150442,0.032227
2011-11-13 17:00,1848,5.206332,0.029666
2011-11-13 18:00,1769,5.207429,0.030303
2011-11-13 19:00,1763,5.221420,0.028438
2011-11-13 20:00,1752,5.133413,0.028861
2011-11-13 21:00,1433,4.949207,0.029679
2011-11-13 22:00,1553,5.086255,0.028521
2011-11-13 23:00,1620,4.976347,0.033641
2011-11-14 00:00,1690,5.025401,0.033014
2011-11-14 01:00,1480,5.010298,0.032722
2011-11-14 02:00,1374,4.841427,0.037193
2011-11-14 03:00,1477,4.856834,0.032417
2011-11-14 04:00,1460,4.995149,0.030878
2011-11-14 05:00,1220,4.940413,0.031447
2011-11-14 06:00,1217,5.044194,0.026882
2011-11-14 07:00,919,4.808386,0.027565
2011-11-14 08:00,844,4.857871,0.027187
2011-11-14 09:00,857,4.737362,0.030292
2011-11-14 10:00,872,4.372425,0.043399
2011-11-14 11:00,995,4.559857,0.041274
2011-11-14 12:00,1186,4.329743,0.054088
2011-11-14 13:00,1096,4.150670,0.059866
2011-11-14 14:00,1005,4.406937,0.046775
2011-11-14 15:00,1302,4.833490,0.032063
2011-11-14 16:00,2284,5.117012,0.029818
2011-11-14 17:00,2162,5.060278,0.031710
2011-11-14 18:00,2279,5.195043,0.030450
2011-11-14 19:00,2248,5.217593,0.028457
2011-11-14 20:00,2126,5.207460,0.028425
2011-11-14 21:00,1809,5.238193,0.027630
2011-11-14 22:00,1829,5.012805,0.028392
2011-11-14 23:00,1987,5.134777,0.030807
2011-11-15 00:00,1989,5.075638,0.029200
2011-11-15 01:00,1899,5.064160,0.028169
2011-11-15 02:00,1824,5.042392,0.029243
2011-11-15 03:00,1737,5.016072,0.031212
2011-11-15 04:00,1753,5.100807,0.028221
2011-11-15 05:00,1545,5.011888,0.031972
2011-11-15 06:00,2168,3.645221,0.122056
2011-11-15 07:00,2827,3.347766,0.148717
2011-11-15 08:00,2652,3.384510,0.150050
2011-11-15 09:00,2339,3.493874,0.144969
2011-11-15 10:00,2020,3.751886,0.115018
2011-11-15 11:00,1927,3.877099,0.109086
2011-11-15 12:00,2249,3.980935,0.106872
2011-11-15 13:00,2802,3.762099,0.133451
2011-11-15 14:00,2969,4.012687,0.113279
2011-11-15 15:00,3275,4.041492,0.110724
2011-11-15 16:00,3288,4.081718,0.105689
2011-11-15 17:00,3336,4.183323,0.097749
2011-11-15 18:00,3121,4.215829,0.101158
2011-11-15 19:00,2901,4.299487,0.088874
2011-11-15 20:00,3029,4.285877,0.093519
2011-11-15 21:00,2984,4.114261,0.111328
2011-11-15 22:00,3254,4.281296,0.095645
2011-11-15 23:00,2951,4.515173,0.070702
2011-11-16 00:00,2789,4.678704,0.062021
2011-11-16 01:00,2593,4.566022,0.071198
2011-11-16 02:00,2305,4.611086,0.065612
2011-11-16 03:00,2260,4.608454,0.068713
2011-11-16 04:00,2112,4.723916,0.057561
2011-11-16 05:00,1787,4.602900,0.060941
2011-11-16 06:00,1503,4.690085,0.056570
2011-11-16 07:00,1238,4.695592,0.053586
2011-11-16 08:00,1198,4.837168,0.047874
2011-11-16 09:00,1089,4.750761,0.034262
2011-11-16 10:00,1103,4.667032,0.036329
2011-11-16 11:00,1240,4.880408,0.037742
2011-11-16 12:00,1494,4.854161,0.043326
2011-11-16 13:00,1771,4.828126,0.049033
2011-11-16 14:00,2291,5.018354,0.044820
2011-11-16 15:00,2417,4.856709,0.051577
2011-11-16 16:00,583,4.413441,0.055458
2011-11-16 19:00,1309,4.896948,0.038757
2011-11-16 20:00,2507,5.114154,0.040395
2011-11-16 21:00,2555,5.044200,0.040495
2011-11-16 22:00,2513,5.021824,0.033843
2011-11-16 23:00,2440,5.009235,0.034100
2011-11-17 00:00,2336,5.037126,0.034530
2011-11-17 01:00,2387,5.007742,0.037393
2011-11-17 02:00,2176,4.852746,0.046027
2011-11-17 03:00,1237,4.728105,0.046215
2011-11-21 14:00,406,4.546242,0.035967
2011-11-21 15:00,2444,5.277709,0.034408
2011-11-21 16:00,2277,5.185322,0.038051
2011-11-21 17:00,2502,4.999379,0.041520
2011-11-21 18:00,2232,5.145183,0.037169
2011-11-21 19:00,2328,5.076743,0.040805
2011-11-21 20:00,691,4.705237,0.039505
2011-11-28 16:00,1032,5.040408,0.029877
2011-11-28 17:00,1949,5.128959,0.035259
2011-11-28 18:00,1841,5.137428,0.032054
2011-11-28 19:00,1922,5.177896,0.031130
2011-11-28 20:00,1903,5.148854,0.033344
2011-11-28 21:00,2069,5.189098,0.032596
2011-11-28 22:00,1996,5.189486,0.030146
2011-11-28 23:00,1854,5.177969,0.029522
2011-11-29 00:00,1938,5.202088,0.031303
2011-11-29 01:00,1806,5.213048,0.030120
2011-11-29 02:00,1735,5.104205,0.031804
2011-11-29 03:00,1769,5.182664,0.028412
2011-11-29 04:00,1732,5.214591,0.029963
2011-11-29 05:00,1251,5.134511,0.027071
2011-11-29 06:00,1112,5.126516,0.025749
2011-11-29 07:00,992,5.119407,0.026169
2011-11-29 08:00,851,5.178965,0.020440
2011-11-29 09:00,680,5.073219,0.022190
2011-11-29 10:00,708,5.119560,0.022224
2011-11-29 11:00,926,5.103372,0.027713
2011-11-29 12:00,1000,4.955947,0.032306
2011-11-29 13:00,1030,5.007017,0.033733
2011-11-29 14:00,1561,5.087377,0.032762
2011-11-29 15:00,1739,5.173960,0.033389
2011-11-29 16:00,1813,5.027223,0.037844
2011-11-29 17:00,1973,5.162455,0.033148
2011-11-29 18:00,1943,5.271364,0.028809
2011-11-29 19:00,1911,5.232606,0.030628
2011-11-29 20:00,1871,4.946800,0.035754
2011-11-29 21:00,1818,5.153262,0.030209
2011-11-29 22:00,1933,5.270849,0.027553
2011-11-29 23:00,1956,5.296542,0.028248
2011-11-30 00:00,1863,5.173057,0.029095
2011-11-30 01:00,1844,5.182454,0.031810
2011-11-30 02:00,1664,5.010443,0.031682
2011-11-30 03:00,1674,4.888460,0.030744
2011-11-30 04:00,1693,4.617215,0.043288
2011-11-30 05:00,1823,4.260075,0.065753
2011-11-30 06:00,2260,4.008154,0.089919
2011-11-30 07:00,2303,3.776830,0.115101
2011-11-30 08:00,2637,3.647797,0.130473
2011-11-30 09:00,1985,3.799411,0.118203
2011-11-30 10:00,1354,4.214248,0.071043
2011-11-30 11:00,1218,4.548139,0.043954
2011-11-30 12:00,1515,4.897265,0.033672
2011-11-30 13:00,1725,4.827882,0.042306
2011-11-30 14:00,2017,5.116203,0.030002
2011-11-30 15:00,2063,5.060677,0.030580
2011-11-30 16:00,2308,5.245500,0.026052
2011-11-30 17:00,2398,5.206104,0.027360
2011-11-30 18:00,2247,5.125105,0.029818
2011-11-30 19:00,2337,5.161513,0.029726
2011-11-30 20:00,1814,5.200122,0.028257
2011-11-30 21:00,2210,5.162001,0.029366
2011-11-30 22:00,2163,5.305903,0.027647
2011-11-30 23:00,2141,5.145194,0.028307
2011-12-01 00:00,2057,5.127263,0.029549
2011-12-01 01:00,1985,5.235378,0.027978
2011-12-01 02:00,1990,5.097794,0.033613
2011-12-01 03:00,1900,5.065815,0.033278
2011-12-01 04:00,1697,5.166733,0.029021
2011-12-01 05:00,1449,5.061928,0.030788
2011-12-01 06:00,1132,4.910698,0.033953
2011-12-01 07:00,966,4.904942,0.032007
2011-12-01 08:00,877,5.008252,0.028731
2011-12-01 09:00,796,5.012254,0.025836
2011-12-01 10:00,756,5.014061,0.021295
2011-12-01 11:00,885,5.181597,0.022001
2011-12-01 12:00,1111,5.202911,0.026301
2011-12-01 13:00,1448,5.222365,0.028048
2011-12-01 14:00,1799,5.292354,0.028582
2011-12-01 15:00,1928,5.118934,0.028115
2011-12-01 16:00,1995,5.229115,0.029598
2011-12-01 17:00,2068,5.204074,0.031678
2011-12-01 18:00,2132,5.294144,0.029381
2011-12-01 19:00,1987,5.289359,0.028843
2011-12-01 20:00,2023,5.270892,0.031286
2011-12-01 21:00,2078,5.215449,0.033718
2011-12-01 22:00,1986,5.172659,0.033662
2011-12-01 23:00,2095,5.321513,0.029329
2011-12-02 00:00,1792,5.054713,0.035108
2011-12-02 01:00,1903,4.930119,0.032797
2011-12-02 02:00,1824,5.039871,0.029879
2011-12-02 03:00,1803,5.095957,0.028660
2011-12-02 04:00,1698,5.176536,0.028155
2011-12-02 05:00,1365,5.058313,0.030691
2011-12-02 06:00,1201,5.087666,0.027656
2011-12-02 07:00,974,5.006382,0.029936
2011-12-02 08:00,899,5.027209,0.026540
2011-12-02 09:00,848,5.134857,0.024796
2011-12-02 10:00,803,5.103241,0.022866
2011-12-02 11:00,891,5.070811,0.027611
2011-12-02 12:00,1097,5.108141,0.030633
2011-12-02 13:00,1391,5.128062,0.031936
2011-12-02 14:00,1634,5.143597,0.033862
2011-12-02 15:00,1895,5.133480,0.032237
2011-12-02 16:00,2048,5.195973,0.035293
2011-12-02 17:00,1901,5.180750,0.034647
2011-12-02 18:00,2277,5.360333,0.030876
2011-12-02 19:00,1975,5.257698,0.029509
2011-12-02 20:00,1904,5.135650,0.033945
2011-12-02 21:00,1871,4.879918,0.040971
2011-12-02 22:00,1906,5.276934,0.027966
2011-12-02 23:00,1894,5.193486,0.030984
2011-12-03 00:00,1896,5.177539,0.032148
2011-12-03 01:00,1717,5.150475,0.031039
2011-12-03 02:00,1628,5.055849,0.033631
2011-12-03 03:00,1468,5.165716,0.030439
2011-12-03 04:00,1355,4.685135,0.043791
2011-12-03 05:00,1185,4.762596,0.038677
2011-12-03 06:00,1071,4.938208,0.035273
2011-12-03 07:00,1072,5.142198,0.026010
2011-12-03 08:00,875,5.103163,0.025955
2011-12-03 09:00,847,5.151883,0.025145
2011-12-03 10:00,680,5.021498,0.024470
2011-12-03 11:00,715,5.108187,0.023126
2011-12-03 12:00,906,5.069576,0.026075
2011-12-03 13:00,1040,4.917850,0.034401
2011-12-03 14:00,1311,5.174134,0.029391
2011-12-03 15:00,1452,5.257239,0.028301
2011-12-03 16:00,1581,5.220712,0.030581
2011-12-03 17:00,1627,5.072742,0.034451
2011-12-03 18:00,1941,5.040284,0.032016
2011-12-03 19:00,1753,5.144588,0.030484
2011-12-03 20:00,1606,5.145003,0.031492
2011-12-03 21:00,1603,5.143774,0.030684
2011-12-03 22:00,1515,5.182037,0.027746
2011-12-03 23:00,1570,5.128381,0.028904
2011-12-04 00:00,1589,5.284500,0.025672
2011-12-04 01:00,1484,5.189263,0.025758
2011-12-04 02:00,1547,5.108122,0.029563
2011-12-04 03:00,1337,5.081168,0.031598
2011-12-04 04:00,1403,5.127184,0.029462
2011-12-04 05:00,1231,4.827527,0.037499
2011-12-04 06:00,1084,4.926849,0.032415
2011-12-04 07:00,1044,4.853340,0.036751
2011-12-04 08:00,919,5.004762,0.026645
2011-12-04 09:00,813,5.126366,0.023477
2011-12-04 10:00,788,5.061486,0.022928
2011-12-04 11:00,781,5.177458,0.022275
2011-12-04 12:00,832,5.002665,0.026777
2011-12-04 13:00,1073,5.101911,0.027136
2011-12-04 14:00,1363,5.111594,0.032679
2011-12-04 15:00,1349,5.037171,0.034236
2011-12-04 16:00,1633,5.182679,0.028410
2011-12-04 17:00,1692,5.088128,0.029542
2011-12-04 18:00,1742,5.139844,0.028746
2011-12-04 19:00,1593,5.041883,0.031139
2011-12-04 20:00,1674,4.934789,0.033975
2011-12-04 21:00,1833,4.944711,0.033899
2011-12-04 22:00,1842,4.793210,0.039429
2011-12-04 23:00,1711,4.598064,0.047731
2011-12-05 00:00,1604,4.525956,0.048145
2011-12-05 01:00,1679,4.630898,0.045476
2011-12-05 02:00,1653,4.963367,0.034066
2011-12-05 03:00,1539,5.104579,0.029038
2011-12-05 04:00,1289,5.040710,0.029675
2011-12-05 05:00,1351,5.239923,0.028212
2011-12-05 06:00,1061,5.138262,0.025973
2011-12-05 07:00,964,5.176848,0.021715
2011-12-05 08:00,839,5.165550,0.021797
2011-12-05 09:00,762,5.148244,0.020689
2011-12-05 10:00,793,5.163714,0.021855
2011-12-05 11:00,855,5.234272,0.021212
2011-12-05 12:00,1137,5.240746,0.023160
2011-12-05 13:00,1437,5.192022,0.031730
2011-12-05 14:00,1744,5.262777,0.032184
2011-12-05 15:00,1861,5.214406,0.032315
2011-12-05 16:00,1919,5.104874,0.032051
2011-12-05 17:00,1952,5.158257,0.032979
2011-12-05 18:00,1988,5.224513,0.032573
2011-12-05 19:00,2076,5.264345,0.030683
2011-12-05 20:00,2036,5.150352,0.036267
2011-12-05 21:00,1949,5.371264,0.027258
2011-12-05 22:00,2104,5.187631,0.029948
2011-12-05 23:00,2079,5.246931,0.026974
2011-12-06 00:00,1837,5.167898,0.032398
2011-12-06 01:00,1874,5.111395,0.035416
2011-12-06 02:00,1692,5.012423,0.035972
2011-12-06 03:00,1818,5.127901,0.031472
2011-12-06 04:00,1582,5.120301,0.029537
2011-12-06 05:00,1445,5.169889,0.028325
2011-12-06 06:00,1169,5.175181,0.026119
2011-12-06 07:00,941,5.177414,0.024381
2011-12-06 08:00,1000,5.340908,0.021299
2011-12-06 09:00,765,5.108948,0.023752
2011-12-06 10:00,772,5.096931,0.022915
2011-12-06 11:00,948,5.234765,0.022626
2011-12-06 12:00,1145,5.306950,0.025252
2011-12-06 13:00,1445,5.320189,0.027908
2011-12-06 14:00,1678,5.195544,0.030706
2011-12-06 15:00,1901,5.097969,0.036373
2011-12-06 16:00,1916,5.174438,0.035025
2011-12-06 17:00,1983,5.208884,0.033094
2011-12-06 18:00,2027,5.128863,0.032152
2011-12-06 19:00,2093,4.939471,0.038182
2011-12-06 20:00,2079,5.006605,0.035602
2011-12-06 21:00,2146,5.201671,0.030503
2011-12-06 22:00,1880,4.950391,0.037195
2011-12-06 23:00,1954,5.124427,0.032997
2011-12-07 00:00,1913,5.165549,0.031598
2011-12-07 01:00,1870,5.174600,0.032678
2011-12-07 02:00,1970,5.204708,0.031563
2011-12-07 03:00,1725,5.154054,0.028809
2011-12-07 04:00,1522,5.081955,0.030680
2011-12-07 05:00,1374,5.005278,0.033907
2011-12-07 06:00,1086,4.920950,0.031341
2011-12-07 07:00,1061,5.079018,0.029555
2011-12-07 08:00,882,5.200164,0.021510
2011-12-07 09:00,788,5.137973,0.022893
2011-12-07 10:00,881,4.782136,0.024542
2011-12-07 11:00,1022,4.858434,0.027155
2011-12-07 12:00,1121,4.959630,0.025783
2011-12-07 13:00,1425,5.116113,0.028361
2011-12-07 14:00,1668,5.154427,0.032380
2011-12-07 15:00,1869,5.206867,0.030694
2011-12-07 16:00,2075,5.275114,0.028349
2011-12-07 17:00,2163,5.164099,0.029366
2011-12-07 18:00,2146,5.193661,0.029544
2011-12-07 19:00,2168,5.109479,0.030383
2011-12-07 20:00,2255,5.292537,0.026865
2011-12-07 21:00,2224,5.161112,0.029684
2011-12-07 22:00,2066,5.315922,0.026042
2011-12-07 23:00,2036,5.239495,0.026945
2011-12-08 00:00,2052,5.353437,0.024834
2011-12-08 01:00,1899,5.313768,0.026020
2011-12-08 02:00,1840,5.045736,0.029512
2011-12-08 03:00,1768,5.005657,0.029208
2011-12-08 04:00,1627,4.994239,0.028768
2011-12-08 05:00,1455,5.020594,0.027951
2011-12-08 06:00,1250,5.162548,0.024654
2011-12-08 07:00,1056,5.151959,0.022824
2011-12-08 08:00,872,5.012568,0.025583
2011-12-08 09:00,762,4.966120,0.027333
2011-12-08 10:00,821,5.121481,0.023368
2011-12-08 11:00,903,5.072733,0.024431
2011-12-08 12:00,1173,5.138700,0.025370
2011-12-08 13:00,1366,5.144407,0.029015
2011-12-08 14:00,1772,5.291826,0.028960
2011-12-08 15:00,1951,5.206447,0.029417
2011-12-08 16:00,2061,5.259613,0.028750
2011-12-08 17:00,2096,5.252750,0.031410
2011-12-08 18:00,2092,5.351077,0.028269
2011-12-08 19:00,2044,5.432750,0.025632
2011-12-08 20:00,2044,5.180065,0.032896
2011-12-08 21:00,1987,5.002084,0.039435
2011-12-08 22:00,1997,5.343254,0.027817
2011-12-08 23:00,1903,5.222325,0.028915
2011-12-09 00:00,1834,4.949870,0.035989
2011-12-09 01:00,1872,5.151865,0.030158
2011-12-09 02:00,1723,5.080535,0.030595
2011-12-09 03:00,1788,5.185511,0.026618
2011-12-09 04:00,1754,4.856988,0.036048
2011-12-09 05:00,1715,4.395100,0.058381
2011-12-09 06:00,1442,4.450981,0.049855
2011-12-09 07:00,1066,4.682118,0.035919
2011-12-09 08:00,954,4.887044,0.029786
2011-12-09 09:00,811,5.107734,0.024239
2011-12-09 10:00,870,5.229447,0.019164
2011-12-09 11:00,1027,5.259279,0.021551
2011-12-09 12:00,1155,5.163288,0.026929
2011-12-09 13:00,1285,4.964516,0.036273
2011-12-09 14:00,1776,5.221533,0.030511
2011-12-09 15:00,1873,5.202400,0.031443
2011-12-09 16:00,2045,5.340006,0.028900
2011-12-09 17:00,1977,4.958731,0.036727
2011-12-09 18:00,1886,5.218657,0.030461
2011-12-09 19:00,1937,5.281209,0.029954
2011-12-09 20:00,2004,5.316662,0.029039
2011-12-09 21:00,1875,5.091134,0.033754
2011-12-09 22:00,1762,5.163936,0.031511
2011-12-09 23:00,2031,5.302226,0.028202
2011-12-10 00:00,1661,5.197884,0.028540
2011-12-10 01:00,1696,5.166667,0.027494
2011-12-10 02:00,1581,5.138783,0.030099
2011-12-10 03:00,1540,5.135410,0.028359
2011-12-10 04:00,1365,5.038074,0.029195
2011-12-10 05:00,1202,5.170590,0.023536
2011-12-10 06:00,974,5.040692,0.023536
2011-12-10 07:00,883,5.029850,0.021746
2011-12-10 08:00,836,5.062019,0.021561
2011-12-10 09:00,764,4.890489,0.025295
2011-12-10 10:00,881,4.096212,0.072377
2011-12-10 11:00,967,4.455413,0.049395
2011-12-10 12:00,1065,5.113606,0.023035
2011-12-10 13:00,1328,5.224111,0.021929
2011-12-10 14:00,1295,5.008057,0.027645
2011-12-10 15:00,1477,5.059304,0.028333
2011-12-10 16:00,1757,5.213636,0.026838
2011-12-10 17:00,1646,5.317100,0.024247
2011-12-10 18:00,1808,5.367820,0.024164
2011-12-10 19:00,1748,5.385229,0.023196
2011-12-10 20:00,1747,5.348707,0.024703
2011-12-10 21:00,1670,5.216665,0.020618
2011-12-10 22:00,1682,5.398870,0.023368
2011-12-10 23:00,1543,5.371842,0.021159
2011-12-11 00:00,1562,5.191135,0.022520
2011-12-11 01:00,1649,5.278088,0.023441
2011-12-11 02:00,1808,4.472089,0.044741
2011-12-11 03:00,1801,4.464721,0.044055
2011-12-11 04:00,1463,5.004153,0.030619
2011-12-11 05:00,1213,5.115001,0.027046
2011-12-11 06:00,1036,5.095920,0.022982
2011-12-11 07:00,956,5.112098,0.022956
2011-12-11 08:00,814,5.109862,0.023867
2011-12-11 09:00,749,5.138090,0.020173
2011-12-11 10:00,723,5.179705,0.018615
2011-12-11 11:00,654,5.057543,0.021657
2011-12-11 12:00,851,5.160005,0.020878
2011-12-11 13:00,1034,5.088947,0.023741
2011-12-11 14:00,1323,5.273077,0.025758
2011-12-11 15:00,1426,5.201623,0.028987
2011-12-11 16:00,1566,5.259040,0.026386
2011-12-11 17:00,1566,5.275819,0.028825
2011-12-11 18:00,1522,5.316630,0.025990
2011-12-11 19:00,1591,5.348916,0.025452
2011-12-11 20:00,1398,5.229306,0.027739
2011-12-11 21:00,1516,5.314375,0.025489
2011-12-11 22:00,1500,5.286576,0.024495
2011-12-11 23:00,1470,5.346462,0.024184
2011-12-12 00:00,1572,5.332074,0.022588
2011-12-12 01:00,1472,5.094023,0.030982
2011-12-12 02:00,1347,5.218723,0.024484
2011-12-12 03:00,1410,5.229125,0.023776
2011-12-12 04:00,1241,5.187174,0.022723
2011-12-12 05:00,1057,5.116895,0.024596
2011-12-12 06:00,926,5.148484,0.022493
2011-12-12 07:00,885,5.135030,0.022011
2011-12-12 08:00,867,5.139035,0.022094
2011-12-12 09:00,814,5.226942,0.018808
2011-12-12 10:00,752,5.160782,0.019414
2011-12-12 11:00,923,5.131321,0.023774
2011-12-12 12:00,1040,5.128723,0.024167
2011-12-12 13:00,1296,4.822733,0.028483
2011-12-12 14:00,1747,4.954462,0.028479
2011-12-12 15:00,2021,4.923074,0.032777
2011-12-12 16:00,2163,4.920306,0.032469
2011-12-12 17:00,2199,5.028100,0.031851
2011-12-12 18:00,2031,5.127533,0.026744
2011-12-12 19:00,2046,5.155025,0.029290
2011-12-12 20:00,2111,5.105457,0.028350
2011-12-12 21:00,1868,5.031696,0.030007
2011-12-12 22:00,1924,5.251329,0.025411
2011-12-12 23:00,2055,5.257879,0.024228
2011-12-13 00:00,2101,5.227133,0.025282
2011-12-13 01:00,2047,5.161963,0.025556
2011-12-13 02:00,1877,5.141410,0.026024
2011-12-13 03:00,1740,5.089938,0.025130
2011-12-13 04:00,1581,5.174269,0.025296
2011-12-13 05:00,1355,5.124424,0.023608
2011-12-13 06:00,1156,5.098674,0.024234
2011-12-13 07:00,1089,5.141754,0.022994
2011-12-13 08:00,908,5.106487,0.022601
2011-12-13 09:00,785,5.095224,0.019501
2011-12-13 10:00,832,5.052881,0.019302
2011-12-13 11:00,1085,5.167826,0.022673
2011-12-13 12:00,1095,5.093666,0.029632
2011-12-13 13:00,1604,5.422614,0.024651
2011-12-13 14:00,1753,5.018251,0.032737
2011-12-13 15:00,1921,5.302687,0.027855
2011-12-13 16:00,1962,5.232830,0.029272
2011-12-13 17:00,1970,5.275535,0.029265
2011-12-13 18:00,1968,5.305694,0.029718
2011-12-13 19:00,2056,5.296838,0.028764
2011-12-13 20:00,1999,5.346161,0.028128
2011-12-13 21:00,1977,5.240608,0.030930
2011-12-13 22:00,1836,5.064838,0.037064
2011-12-13 23:00,1853,5.297029,0.028865
2011-12-14 00:00,1881,5.165923,0.033145
2011-12-14 01:00,1750,5.172010,0.031901
2011-12-14 02:00,1838,4.912470,0.036232
2011-12-14 03:00,1753,4.905219,0.034046
2011-12-14 04:00,1490,4.913730,0.032019
2011-12-14 05:00,1406,4.880658,0.037202
2011-12-14 06:00,1133,5.078094,0.028529
2011-12-14 07:00,1020,5.022395,0.028330
2011-12-14 08:00,927,5.190628,0.021025
2011-12-14 09:00,817,5.220375,0.019925
2011-12-14 10:00,767,5.140277,0.020488
2011-12-14 11:00,905,4.744587,0.043888
2011-12-14 12:00,1233,5.059778,0.029865
2011-12-14 13:00,1579,5.245986,0.026529
2011-12-14 14:00,1776,5.210553,0.031497
2011-12-14 15:00,2059,5.404950,0.027590
2011-12-14 16:00,2007,5.287273,0.030696
2011-12-14 17:00,2127,5.394816,0.028407
2011-12-14 18:00,2070,5.364230,0.028774
2011-12-14 19:00,1972,5.266323,0.028988
2011-12-14 20:00,2053,5.329569,0.028939
2011-12-14 21:00,1882,5.039358,0.031361
2011-12-14 22:00,1117,5.004441,0.029801
2011-12-14 23:00,1740,5.106370,0.030866
2011-12-15 00:00,1718,5.050431,0.033253
2011-12-15 01:00,1828,5.154930,0.030752
2011-12-15 02:00,1731,5.046250,0.033703
2011-12-15 03:00,1536,4.924302,0.033258
2011-12-15 04:00,1549,4.931157,0.033813
2011-12-15 05:00,1362,5.038262,0.029168
2011-12-15 06:00,1114,4.950301,0.029214
2011-12-15 07:00,1123,4.890857,0.030288
2011-12-15 08:00,891,5.043113,0.023888
2011-12-15 09:00,778,4.987943,0.026246
2011-12-15 10:00,784,5.020662,0.024551
2011-12-15 11:00,909,5.099972,0.026048
2011-12-15 12:00,1120,5.091329,0.027767
2011-12-15 13:00,1292,4.908473,0.037106
2011-12-15 14:00,1523,5.026868,0.034931
2011-12-15 15:00,1736,5.112474,0.034211
2011-12-15 16:00,1830,5.100213,0.034776
2011-12-15 17:00,1916,5.174258,0.029279
2011-12-15 18:00,1875,5.206093,0.031242
2011-12-15 19:00,1893,5.229694,0.028749
2011-12-15 20:00,1825,5.208957,0.027701
2011-12-15 21:00,1780,4.788070,0.037636
2011-12-15 22:00,1767,5.172693,0.028000
2011-12-15 23:00,1779,5.174716,0.029770
2011-12-16 00:00,1776,5.169241,0.028026
2011-12-16 01:00,1875,5.181923,0.030448
2011-12-16 02:00,2021,4.549906,0.046051
2011-12-16 03:00,2005,4.260777,0.057472
2011-12-16 04:00,1551,4.960099,0.032562
2011-12-16 05:00,1261,5.035926,0.027238
2011-12-16 06:00,1009,4.999935,0.022800
2011-12-16 07:00,877,5.068100,0.021349
2011-12-16 08:00,780,5.063547,0.021411
2011-12-16 09:00,735,5.104191,0.020360
2011-12-16 10:00,778,5.115912,0.020663
2011-12-16 11:00,796,5.119122,0.021845
2011-12-16 12:00,1032,5.074470,0.028270
2011-12-16 13:00,1236,5.145040,0.029159
2011-12-16 14:00,1520,5.174870,0.031919
2011-12-16 15:00,1796,5.302700,0.029101
2011-12-16 16:00,1801,5.289403,0.027944
2011-12-16 17:00,1922,5.314962,0.029325
2011-12-16 18:00,1784,5.307229,0.027812
2011-12-16 19:00,1713,5.232047,0.026249
2011-12-16 20:00,1787,5.059995,0.027856
2011-12-16 21:00,1737,5.294653,0.027296
2011-12-16 22:00,1670,5.255759,0.025537
2011-12-16 23:00,1611,5.216730,0.026147
2011-12-17 00:00,1515,5.189312,0.027579
2011-12-17 01:00,1676,5.199601,0.027752
2011-12-17 02:00,1493,5.102995,0.025786
2011-12-17 03:00,1436,5.013192,0.028449
2011-12-17 04:00,1325,5.108185,0.026820
2011-12-17 05:00,1147,5.052348,0.023846
2011-12-17 06:00,988,5.083699,0.024567
2011-12-17 07:00,888,5.102037,0.025064
2011-12-17 08:00,806,5.148522,0.018751
2011-12-17 09:00,852,5.141763,0.020055
2011-12-17 10:00,815,5.171515,0.017434
2011-12-17 11:00,817,5.000392,0.020284
2011-12-17 12:00,951,5.313166,0.019493
2011-12-17 13:00,1114,5.283221,0.022037
2011-12-17 14:00,1276,5.255647,0.024384
2011-12-17 15:00,1445,5.190192,0.026486
2011-12-17 16:00,1502,5.143514,0.028425
2011-12-17 17:00,1636,5.054553,0.031053
2011-12-17 18:00,1766,5.206868,0.028142
2011-12-17 19:00,1544,5.036359,0.031556
2011-12-17 20:00,1526,4.546385,0.049431
2011-12-17 21:00,1508,4.532919,0.050310
2011-12-17 22:00,1572,4.629204,0.047064
2011-12-17 23:00,1577,4.109272,0.077319
2011-12-18 00:00,1608,4.531185,0.055769
2011-12-18 01:00,1351,4.782718,0.038522
2011-12-18 02:00,1349,4.834446,0.037935
2011-12-18 03:00,1151,5.009878,0.028954
2011-12-18 04:00,1131,4.940010,0.030424
2011-12-18 05:00,1046,5.042845,0.026350
2011-12-18 06:00,866,4.954654,0.026796
2011-12-18 07:00,792,5.012770,0.024206
2011-12-18 08:00,729,5.107967,0.020145
2011-12-18 09:00,641,5.071490,0.017592
2011-12-18 10:00,610,5.063803,0.021278
2011-12-18 11:00,727,5.123289,0.023263
2011-12-18 12:00,869,5.214392,0.020850
2011-12-18 13:00,969,5.137126,0.025750
2011-12-18 14:00,1242,5.102598,0.030667
2011-12-18 15:00,1535,5.348340,0.026593
2011-12-18 16:00,1558,5.086449,0.031338
2011-12-18 17:00,1443,5.228740,0.027758
2011-12-18 18:00,1463,5.179352,0.029940
2011-12-18 19:00,1453,4.747360,0.044855
2011-12-18 20:00,1447,4.965459,0.035133
2011-12-18 21:00,1474,5.142219,0.029706
2011-12-18 22:00,1450,5.227460,0.026968
2011-12-18 23:00,1544,5.215189,0.026650
2011-12-19 00:00,1390,5.122848,0.027511
2011-12-19 01:00,1390,5.130116,0.027742
2011-12-19 02:00,1354,5.126989,0.025912
2011-12-19 03:00,1479,5.109413,0.031325
2011-12-19 04:00,1216,5.065682,0.028688
2011-12-19 05:00,1068,5.004752,0.029525
2011-12-19 06:00,516,4.961777,0.021227
2011-12-19 07:00,444,4.766812,0.025836
2011-12-19 08:00,456,4.870071,0.021853
2011-12-19 09:00,507,5.072936,0.017286
2011-12-19 10:00,501,5.002079,0.019713
2011-12-19 11:00,563,4.965406,0.022428
2011-12-19 12:00,580,4.890919,0.026298
2011-12-19 13:00,703,4.887076,0.029596
2011-12-19 14:00,858,4.973183,0.031208
2011-12-19 15:00,920,5.077241,0.027971
2011-12-19 16:00,1044,5.107366,0.030718
2011-12-19 17:00,1172,5.184473,0.029344
2011-12-19 18:00,1262,5.099636,0.031619
2011-12-19 19:00,1181,5.029015,0.031253
2011-12-19 20:00,1187,4.774290,0.035604
2011-12-19 21:00,1276,5.091339,0.030774
2011-12-19 22:00,1280,4.980853,0.026140
2011-12-19 23:00,1075,4.980459,0.026916
2011-12-20 00:00,1475,5.236073,0.022974
2011-12-20 01:00,1565,5.133770,0.027076
2011-12-20 02:00,1384,5.086934,0.026211
2011-12-20 03:00,1387,5.136732,0.023893
2011-12-20 04:00,1388,5.211980,0.023101
2011-12-20 05:00,1202,5.174653,0.023985
2011-12-20 06:00,902,4.966070,0.024531
2011-12-20 07:00,891,4.898915,0.028567
2011-12-20 08:00,759,4.979647,0.024868
2011-12-20 09:00,683,5.105980,0.020196
2011-12-20 10:00,691,5.099323,0.021138
2011-12-20 11:00,722,5.084479,0.021850
2011-12-20 12:00,896,5.092210,0.023760
2011-12-20 13:00,1034,5.062134,0.027420
2011-12-20 14:00,1318,4.859727,0.031195
2011-12-20 15:00,1579,5.292177,0.026729
2011-12-20 16:00,1496,5.294108,0.027132
2011-12-20 17:00,1356,5.274399,0.024986
2011-12-20 18:00,1418,5.083057,0.031299
2011-12-20 19:00,1719,5.003317,0.040287
2011-12-20 20:00,1561,5.257101,0.025534
2011-12-20 21:00,1473,5.229191,0.028347
2011-12-20 22:00,1637,5.023709,0.026542
2011-12-20 23:00,1545,5.258433,0.026971
2011-12-21 00:00,1437,5.117943,0.029694
2011-12-21 01:00,1392,5.042737,0.030208
2011-12-21 02:00,1382,5.052326,0.027905
2011-12-21 03:00,1263,5.019137,0.027801
2011-12-21 04:00,1152,4.959252,0.029783
2011-12-21 05:00,884,4.938406,0.024480
2011-12-21 06:00,961,4.999674,0.023832
2011-12-21 07:00,767,4.970581,0.020319
2011-12-21 08:00,730,5.106884,0.019534
2011-12-21 09:00,635,5.025562,0.021480
2011-12-21 10:00,687,5.166642,0.018761
2011-12-21 11:00,663,5.011084,0.024184
2011-12-21 12:00,649,4.971167,0.025936
2011-12-21 13:00,733,5.027019,0.025542
2011-12-21 14:00,782,4.988767,0.030416
2011-12-21 15:00,992,5.024705,0.034680
2011-12-21 16:00,941,5.033819,0.031549
2011-12-21 17:00,985,5.022971,0.031436
2011-12-21 18:00,895,4.839338,0.031776
2011-12-21 19:00,1393,4.945048,0.031762
2011-12-21 20:00,1475,4.985137,0.038863
2011-12-21 21:00,1642,5.262241,0.028309
2011-12-21 22:00,1560,5.296128,0.025954
2011-12-21 23:00,1512,5.268603,0.026415
2011-12-22 00:00,1511,5.263064,0.025884
2011-12-22 01:00,1547,5.283725,0.026108
2011-12-22 02:00,1417,5.157621,0.028518
2011-12-22 03:00,1373,5.157872,0.026805
2011-12-22 04:00,1232,5.060242,0.028218
2011-12-22 05:00,1080,5.070947,0.027271
2011-12-22 06:00,987,5.081777,0.023503
2011-12-22 07:00,787,4.998395,0.022632
2011-12-22 08:00,762,5.112841,0.021037
2011-12-22 09:00,625,4.817643,0.026302
2011-12-22 10:00,730,5.103463,0.021275
2011-12-22 11:00,867,5.200118,0.021024
2011-12-22 12:00,959,4.833687,0.034369
2011-12-22 13:00,1088,5.078067,0.027879
2011-12-22 14:00,1273,5.174937,0.030942
2011-12-22 15:00,1501,5.097646,0.035160
2011-12-22 16:00,1579,5.123171,0.034338
2011-12-22 17:00,1493,5.169910,0.031802
2011-12-22 18:00,1631,5.151202,0.032354
2011-12-22 19:00,1617,5.228774,0.028629
2011-12-22 20:00,1567,5.198985,0.028198
2011-12-22 21:00,1721,4.825568,0.041069
2011-12-22 22:00,1640,5.034979,0.032047
2011-12-22 23:00,1645,5.168591,0.030011
2011-12-23 00:00,1473,5.152764,0.032054
2011-12-23 01:00,1497,5.140980,0.029438
2011-12-23 02:00,1548,5.226765,0.026218
2011-12-23 03:00,1400,5.033137,0.030471
2011-12-23 04:00,1186,5.079284,0.027671
2011-12-23 05:00,1101,5.075976,0.027933
2011-12-23 06:00,931,5.114808,0.022558
2011-12-23 07:00,853,5.097284,0.022744
2011-12-23 08:00,709,5.034188,0.020632
2011-12-23 09:00,768,5.156896,0.017916
2011-12-23 10:00,652,5.056062,0.019842
2011-12-23 11:00,808,5.204306,0.018431
2011-12-23 12:00,995,5.170401,0.026399
2011-12-23 13:00,1105,5.040166,0.026650
2011-12-23 14:00,1316,5.233019,0.029065
2011-12-23 15:00,1617,5.323275,0.031256
2011-12-23 16:00,1586,5.197714,0.032432
2011-12-23 17:00,1529,5.065993,0.035384
2011-12-23 18:00,1531,5.246666,0.028521
2011-12-23 19:00,1444,4.936512,0.039091
2011-12-23 20:00,1504,5.249135,0.029310
2011-12-23 21:00,1350,5.167632,0.028746
2011-12-23 22:00,1319,5.157980,0.029511
2011-12-23 23:00,1382,5.294391,0.026472
2011-12-24 00:00,1383,5.233659,0.027406
2011-12-24 01:00,1399,5.245496,0.026408
2011-12-24 02:00,1254,5.203535,0.027823
2011-12-24 03:00,1157,5.149873,0.027560
2011-12-24 04:00,1039,5.080507,0.026266
2011-12-24 05:00,978,5.113487,0.024035
2011-12-24 06:00,863,5.084098,0.023967
2011-12-24 07:00,771,5.040347,0.022770
2011-12-24 08:00,726,5.169905,0.019275
2011-12-24 09:00,678,5.164116,0.018003
2011-12-24 10:00,651,5.204662,0.016355
2011-12-24 11:00,679,5.266112,0.017695
2011-12-24 12:00,754,5.168596,0.023717
2011-12-24 13:00,880,5.113986,0.026502
2011-12-24 14:00,1070,5.084778,0.031225
2011-12-24 15:00,1152,5.126777,0.030372
2011-12-24 16:00,1300,5.203260,0.030232
2011-12-24 17:00,1334,5.221614,0.027818
2011-12-24 18:00,1207,5.254084,0.026191
2011-12-24 19:00,1105,5.189648,0.024106
2011-12-24 20:00,1201,5.155947,0.024521
2011-12-24 21:00,1013,5.113154,0.024709
2011-12-24 22:00,882,5.008013,0.027177
2011-12-24 23:00,945,4.743123,0.046004
2011-12-25 00:00,831,5.026520,0.024459
2011-12-25 01:00,751,4.961569,0.025351
2011-12-25 02:00,752,4.952870,0.024455
2011-12-25 03:00,803,5.130690,0.021456
2011-12-25 04:00,789,5.173335,0.019729
2011-12-25 05:00,784,5.159197,0.021639
2011-12-25 06:00,629,5.112475,0.019283
2011-12-25 07:00,606,5.070456,0.020434
2011-12-25 08:00,547,5.038894,0.018262
2011-12-25 09:00,592,5.119911,0.019205
2011-12-25 10:00,543,5.196643,0.016153
2011-12-25 11:00,460,4.941001,0.020666
2011-12-25 12:00,567,5.053040,0.022450
2011-12-25 13:00,549,4.835069,0.026524
2011-12-25 14:00,731,4.963736,0.026049
2011-12-25 15:00,859,5.132766,0.025696
2011-12-25 16:00,852,5.099254,0.023905
2011-12-25 17:00,971,5.136732,0.021819
2011-12-25 18:00,1055,5.218891,0.020646
2011-12-25 19:00,863,5.172687,0.021083
2011-12-25 20:00,873,5.144730,0.020084
2011-12-25 21:00,801,5.080419,0.019531
2011-12-25 22:00,805,5.011417,0.023880
2011-12-25 23:00,915,5.185882,0.021771
2011-12-26 00:00,879,5.071528,0.021711
2011-12-26 01:00,911,4.510493,0.052407
2011-12-26 02:00,924,4.354256,0.072032
2011-12-26 03:00,839,4.825606,0.032940
2011-12-26 04:00,856,5.083387,0.022447
2011-12-26 05:00,778,4.981429,0.025873
2011-12-26 06:00,713,5.008137,0.024019
2011-12-26 07:00,646,5.002538,0.022044
2011-12-26 08:00,540,4.938902,0.021749
2011-12-26 09:00,591,4.981941,0.022000
2011-12-26 10:00,533,5.011851,0.019826
2011-12-26 11:00,578,5.080635,0.020508
2011-12-26 12:00,644,5.123477,0.020059
2011-12-26 13:00,721,4.897822,0.028241
2011-12-26 14:00,987,4.984003,0.031741
2011-12-26 15:00,1072,4.970068,0.035903
2011-12-26 16:00,1212,5.007737,0.029328
2011-12-26 17:00,1345,5.240439,0.027964
2011-12-26 18:00,1180,5.034992,0.033736
2011-12-26 19:00,1332,5.293968,0.024340
2011-12-26 20:00,1200,5.190170,0.024122
2011-12-26 21:00,1331,5.322838,0.023300
2011-12-26 22:00,1338,5.299275,0.025670
2011-12-26 23:00,1315,5.300414,0.025729
2011-12-27 00:00,1333,5.274835,0.027491
2011-12-27 01:00,1273,5.261464,0.024919
2011-12-27 02:00,1242,5.210565,0.025575
2011-12-27 03:00,1173,5.150052,0.026085
2011-12-27 04:00,1023,5.070472,0.026295
2011-12-27 05:00,905,5.002179,0.027739
2011-12-27 06:00,817,5.025736,0.026664
2011-12-27 07:00,658,4.880795,0.030052
2011-12-27 08:00,712,5.092712,0.023495
2011-12-27 09:00,688,5.089877,0.024110
2011-12-27 10:00,578,5.066405,0.022116
2011-12-27 11:00,661,5.033043,0.025370
2011-12-27 12:00,799,4.816696,0.025454
2011-12-27 13:00,956,4.946563,0.024064
2011-12-27 14:00,1110,5.093322,0.031934
2011-12-27 15:00,1451,5.277930,0.030301
2011-12-27 16:00,1476,5.235395,0.030861
2011-12-27 17:00,1463,5.207634,0.030175
2011-12-27 18:00,1576,5.283698,0.029790
2011-12-27 19:00,1531,5.209853,0.029682
2011-12-27 20:00,1508,5.319762,0.028457
2011-12-27 21:00,1506,5.290465,0.025597
2011-12-27 22:00,1508,5.239184,0.027675
2011-12-27 23:00,1533,5.201904,0.027679
2011-12-28 00:00,1479,5.204160,0.027381
2011-12-28 01:00,1541,5.229640,0.027916
2011-12-28 02:00,1447,4.824783,0.032560
2011-12-28 03:00,1373,4.715517,0.034663
2011-12-28 04:00,1259,4.863012,0.034587
2011-12-28 05:00,1080,4.907179,0.030144
2011-12-28 06:00,991,5.111295,0.023409
2011-12-28 07:00,776,5.051933,0.022857
2011-12-28 08:00,793,5.185780,0.018470
2011-12-28 09:00,661,5.115482,0.018207
2011-12-28 10:00,708,4.972168,0.019250
2011-12-28 11:00,746,5.141165,0.020360
2011-12-28 12:00,940,5.164514,0.025745
2011-12-28 13:00,1068,5.172798,0.026587
2011-12-28 14:00,1299,5.122059,0.032478
2011-12-28 15:00,1351,5.012303,0.031581
2011-12-28 16:00,1414,4.830815,0.037230
2011-12-28 17:00,1645,5.213956,0.028959
2011-12-28 18:00,1528,4.997979,0.031495
2011-12-28 19:00,1533,5.175979,0.029533
2011-12-28 20:00,1534,5.302843,0.026861
2011-12-28 21:00,1534,5.269271,0.026841
2011-12-28 22:00,1474,5.251640,0.028232
2011-12-28 23:00,1414,5.188733,0.027901
2011-12-29 00:00,1405,5.229354,0.025953
2011-12-29 01:00,1353,5.038333,0.028752
2011-12-29 02:00,1428,5.079284,0.027692
2011-12-29 03:00,1425,5.089940,0.030262
2011-12-29 04:00,1266,5.107948,0.028979
2011-12-29 05:00,1171,5.102046,0.024923
2011-12-29 06:00,834,4.939803,0.028161
2011-12-29 07:00,715,4.950519,0.026094
2011-12-29 08:00,761,5.016176,0.025599
2011-12-29 09:00,603,4.911413,0.024664
2011-12-29 10:00,608,4.960609,0.024239
2011-12-29 11:00,734,5.011317,0.022276
2011-12-29 12:00,1070,5.270094,0.020912
2011-12-29 13:00,1098,5.067211,0.031479
2011-12-29 14:00,1365,5.232669,0.029812
2011-12-29 15:00,1493,5.079399,0.028684
2011-12-29 16:00,1661,5.118210,0.034852
2011-12-29 17:00,1530,5.127145,0.034866
2011-12-29 18:00,1548,5.112274,0.030515
2011-12-29 19:00,1500,5.157439,0.029506
2011-12-29 20:00,1491,5.192167,0.031284
2011-12-29 21:00,1448,5.113606,0.032885
2011-12-29 22:00,1491,5.141062,0.030388
2011-12-29 23:00,1438,5.077020,0.029060
2011-12-30 00:00,1366,5.049301,0.028142
2011-12-30 01:00,1439,5.061066,0.030821
2011-12-30 02:00,1348,5.084364,0.029385
2011-12-30 03:00,1380,5.163214,0.028376
2011-12-30 04:00,1233,5.126350,0.028589
2011-12-30 05:00,1129,5.187940,0.023947
2011-12-30 06:00,878,5.038862,0.024273
2011-12-30 07:00,892,5.151160,0.022647
2011-12-30 08:00,780,5.146356,0.020608
2011-12-30 09:00,658,4.385810,0.040776
2011-12-30 10:00,671,5.107725,0.018634
2011-12-30 11:00,733,5.169002,0.020933
2011-12-30 12:00,859,5.140270,0.023833
2011-12-30 13:00,1106,5.099254,0.030836
2011-12-30 14:00,1334,5.166408,0.033781
2011-12-30 15:00,1436,5.105029,0.034759
2011-12-30 16:00,1524,5.042695,0.039339
2011-12-30 17:00,1526,5.130182,0.032499
2011-12-30 18:00,1727,5.368525,0.028310
2011-12-30 19:00,1471,5.275355,0.027565
2011-12-30 20:00,1562,5.255913,0.028913
2011-12-30 21:00,1574,5.306693,0.027272
2011-12-30 22:00,1473,5.276434,0.022523
2011-12-30 23:00,1490,5.224528,0.024028
2011-12-31 00:00,1351,5.197628,0.025859
2011-12-31 01:00,1340,5.096743,0.030792
2011-12-31 02:00,1309,5.144479,0.029491
2011-12-31 03:00,1240,5.119464,0.029038
2011-12-31 04:00,1058,4.969563,0.031145
2011-12-31 05:00,949,5.016542,0.027127
2011-12-31 06:00,835,4.956595,0.027754
2011-12-31 07:00,711,4.934156,0.024935
2011-12-31 08:00,678,5.127127,0.019556
2011-12-31 09:00,609,5.078236,0.021024
2011-12-31 10:00,544,4.937523,0.022353
2011-12-31 11:00,662,5.097097,0.021997
2011-12-31 12:00,805,5.150173,0.025652
2011-12-31 13:00,969,5.267211,0.023015
2011-12-31 14:00,1234,5.351144,0.026042
2011-12-31 15:00,726,5.138329,0.027330
2011-12-31 16:00,1097,5.228898,0.027021
2011-12-31 17:00,1361,5.368700,0.024194
2011-12-31 18:00,1334,5.163010,0.025742
2011-12-31 19:00,1419,5.259967,0.023973
2011-12-31 20:00,1405,5.270145,0.021816
2011-12-31 21:00,1413,5.151437,0.026382
2011-12-31 22:00,1408,5.284971,0.023412
2011-12-31 23:00,1377,5.237934,0.024020
2012-01-01 00:00,1512,5.323499,0.024204
2012-01-01 01:00,1282,5.112413,0.027131
2012-01-01 02:00,1187,5.070837,0.028457
2012-01-01 03:00,1323,5.052613,0.029467
2012-01-01 04:00,1350,4.476276,0.063207
2012-01-01 05:00,1323,4.629845,0.053492
2012-01-01 06:00,1037,4.450209,0.061951
2012-01-01 07:00,799,4.154372,0.074423
2012-01-01 08:00,877,4.465970,0.053820
2012-01-01 09:00,609,4.578213,0.043782
2012-01-01 10:00,609,4.902731,0.028725
2012-01-01 11:00,654,5.033169,0.022847
2012-01-01 12:00,665,4.935081,0.023720
2012-01-01 13:00,864,5.288920,0.019055
2012-01-01 14:00,989,5.140395,0.024373
2012-01-01 15:00,1109,5.065065,0.029854
2012-01-01 16:00,1260,5.085437,0.026359
2012-01-01 17:00,1310,5.163524,0.029152
2012-01-01 18:00,1342,5.147898,0.030718
2012-01-01 19:00,1432,5.193751,0.024694
2012-01-01 20:00,1441,5.235792,0.024272
2012-01-01 21:00,1329,5.208249,0.027255
2012-01-01 22:00,1306,5.079591,0.028313
2012-01-01 23:00,1238,5.159515,0.024819
2012-01-02 00:00,1195,5.048534,0.028186
2012-01-02 01:00,1270,5.168415,0.029031
2012-01-02 02:00,1175,4.996700,0.030347
2012-01-02 03:00,1224,5.147280,0.026855
2012-01-02 04:00,1160,5.084814,0.028515
2012-01-02 05:00,935,4.946511,0.031343
2012-01-02 06:00,838,5.012389,0.024101
2012-01-02 07:00,702,4.862949,0.026299
2012-01-02 08:00,632,4.808006,0.024374
2012-01-02 09:00,639,4.972946,0.023818
2012-01-02 10:00,628,5.063682,0.020875
2012-01-02 11:00,695,5.085352,0.022888
2012-01-02 12:00,768,5.113502,0.023523
2012-01-02 13:00,1066,5.247881,0.024276
2012-01-02 14:00,1284,4.717204,0.038013
2012-01-02 15:00,1446,5.233252,0.025782
2012-01-02 16:00,1710,5.253066,0.023312
2012-01-02 17:00,1645,5.217092,0.026499
2012-01-02 18:00,1698,5.239412,0.024997
2012-01-02 19:00,1766,5.296045,0.025196
2012-01-02 20:00,1634,5.211133,0.028862
2012-01-02 21:00,1569,5.201273,0.031393
2012-01-02 22:00,1585,5.167554,0.030476
2012-01-02 23:00,1553,5.197560,0.026847
2012-01-03 00:00,1540,5.197354,0.029712
2012-01-03 01:00,1435,5.063402,0.031524
2012-01-03 02:00,1430,5.031206,0.029262
2012-01-03 03:00,1420,4.939674,0.035272
2012-01-03 04:00,1291,5.100208,0.028828
2012-01-03 05:00,1110,5.087527,0.026102
2012-01-03 06:00,959,4.933701,0.028325
2012-01-03 07:00,890,5.090123,0.024568
2012-01-03 08:00,798,5.093194,0.021911
2012-01-03 09:00,734,5.011437,0.019834
2012-01-03 10:00,821,5.232838,0.019210
2012-01-03 11:00,900,5.113627,0.023540
2012-01-03 12:00,1105,5.110742,0.024365
2012-01-03 13:00,1241,5.145559,0.027631
2012-01-03 14:00,1485,5.125675,0.029853
2012-01-03 15:00,1598,5.167711,0.031274
2012-01-03 16:00,1849,5.160213,0.028789
2012-01-03 17:00,1713,5.210262,0.028138
2012-01-03 18:00,1792,5.129966,0.030579
2012-01-03 19:00,1717,5.150227,0.029711
2012-01-03 20:00,1627,5.102989,0.029363
2012-01-03 21:00,1906,5.059782,0.032086
2012-01-03 22:00,1910,5.073756,0.029135
2012-01-03 23:00,1810,4.857483,0.029583
2012-01-04 00:00,1892,5.032182,0.029074
2012-01-04 01:00,1837,5.057607,0.030808
2012-01-04 02:00,1679,4.834492,0.035420
2012-01-04 03:00,1585,4.895115,0.036545
2012-01-04 04:00,1697,4.853522,0.038142
2012-01-04 05:00,1580,4.889456,0.036118
2012-01-04 06:00,1154,4.962449,0.031397
2012-01-04 07:00,1089,4.969793,0.029892
2012-01-04 08:00,837,5.073230,0.020643
2012-01-04 09:00,670,5.106259,0.019329
2012-01-04 10:00,653,5.013911,0.020999
2012-01-04 11:00,751,5.049332,0.024152
2012-01-04 12:00,947,5.089211,0.026911
2012-01-04 13:00,1226,4.936598,0.030185
2012-01-04 14:00,1400,4.998824,0.033389
2012-01-04 15:00,1600,5.040846,0.035627
2012-01-04 16:00,1993,5.016656,0.038923
2012-01-04 17:00,1915,5.260634,0.032334
2012-01-04 18:00,1941,5.367733,0.028148
2012-01-04 19:00,1967,5.340715,0.030266
2012-01-04 20:00,1786,5.275172,0.032280
2012-01-04 21:00,1690,5.222355,0.033367
2012-01-04 22:00,1262,4.951049,0.035075
2012-01-04 23:00,676,4.918277,0.033404
2012-01-05 00:00,878,4.856123,0.035398
2012-01-05 01:00,1087,4.879418,0.040709
2012-01-05 02:00,1534,5.002424,0.036484
2012-01-05 03:00,1466,5.073289,0.033480
2012-01-05 04:00,1369,5.180723,0.028184
2012-01-05 05:00,1089,5.076093,0.027119
2012-01-05 06:00,1041,5.230237,0.023081
2012-01-05 07:00,838,4.838959,0.024421
2012-01-05 08:00,844,5.027937,0.021883
2012-01-05 09:00,730,5.086136,0.018288
2012-01-05 10:00,692,5.126661,0.019776
2012-01-05 11:00,773,5.045709,0.024607
2012-01-05 12:00,1074,5.196111,0.024610
2012-01-05 13:00,1120,5.023686,0.031765
2012-01-05 14:00,1581,5.221003,0.028903
2012-01-05 15:00,1727,5.188290,0.033829
2012-01-05 16:00,1781,5.127258,0.035429
2012-01-05 17:00,1722,5.108641,0.034170
2012-01-05 18:00,1786,5.143024,0.034783
2012-01-05 19:00,1824,5.201213,0.033538
2012-01-05 20:00,1786,5.351298,0.027332
2012-01-05 21:00,1565,4.856357,0.047613
2012-01-05 22:00,1622,5.035813,0.028344
2012-01-05 23:00,1613,5.073378,0.029003
2012-01-06 00:00,1708,5.189577,0.027855
2012-01-06 01:00,1585,5.188422,0.030214
2012-01-06 02:00,1638,5.205946,0.030739
2012-01-06 03:00,1420,4.966707,0.036890
2012-01-06 04:00,1325,5.013503,0.034338
2012-01-06 05:00,1150,5.079137,0.028787
2012-01-06 06:00,1031,5.241440,0.022181
2012-01-06 07:00,732,5.173680,0.019893
